run,step,episode/reward/mean,graphcredit/node_reward_mean,graphcredit/solver_node_reward_mean,graphcredit/verifier_node_reward_mean,critic/Qwen3-4B_Solver Agent/rewards/mean,critic/Qwen3-4B_Verifier Agent/rewards/mean,val/pass@1,val/avg@1
V8 solver-only train_roles,1,0.625,0.208,0.312,0.0,0.312,0.0,,
V8 solver-only train_roles,2,0.375,0.125,0.188,0.0,0.188,0.0,,
V8 solver-only train_roles,3,0.438,0.146,0.219,0.0,0.219,0.0,,
V8 solver-only train_roles,4,0.188,0.062,0.094,0.0,0.094,0.0,,
V8 solver-only train_roles,5,0.438,0.146,0.219,0.0,0.219,0.0,,
V8 solver-only train_roles,6,0.5,0.167,0.25,0.0,0.25,0.0,,
V8 solver-only train_roles,7,0.375,0.125,0.188,0.0,0.188,0.0,,
V8 solver-only train_roles,8,0.625,0.208,0.312,0.0,0.306,0.0,,
V8 solver-only train_roles,9,0.562,0.188,0.281,0.0,0.275,0.0,,
V8 solver-only train_roles,10,0.625,0.208,0.312,0.0,0.312,0.0,,
V8 solver-only train_roles,11,0.688,0.344,0.688,0.0,0.688,0.0,,
V8 solver-only train_roles,12,0.188,0.062,0.094,0.0,0.087,0.0,,
V8 solver-only train_roles,13,0.125,0.042,0.062,0.0,0.062,0.0,,
V8 solver-only train_roles,14,0.625,0.208,0.312,0.0,0.312,0.0,,
V8 solver-only train_roles,15,0.5,0.167,0.25,0.0,0.25,0.0,,
V8 solver-only train_roles,16,0.188,0.094,0.188,0.0,0.188,0.0,,
V8 solver-only train_roles,17,0.25,0.083,0.125,0.0,0.125,0.0,,
V8 solver-only train_roles,18,0.438,0.146,0.219,0.0,0.219,0.0,,
V8 solver-only train_roles,19,0.312,0.104,0.156,0.0,0.156,0.0,,
V8 solver-only train_roles,20,0.438,0.146,0.219,0.0,0.219,0.0,,
V8 solver-only train_roles,21,0.5,0.167,0.25,0.0,0.25,0.0,,
V8 solver-only train_roles,22,0.312,0.104,0.156,0.0,0.156,0.0,,
V8 solver-only train_roles,23,0.562,0.188,0.281,0.0,0.269,0.0,,
V8 solver-only train_roles,24,0.375,0.125,0.188,0.0,0.188,0.0,,
V8 solver-only train_roles,25,0.438,0.146,0.219,0.0,0.219,0.0,,
V8 solver-only train_roles,26,0.312,0.104,0.156,0.0,0.156,0.0,,
V8 solver-only train_roles,27,0.438,0.146,0.219,0.0,0.219,0.0,,
V8 solver-only train_roles,28,0.5,0.167,0.25,0.0,0.25,0.0,,
V8 solver-only train_roles,29,0.25,0.083,0.125,0.0,0.125,0.0,,
V8 solver-only train_roles,30,0.562,0.188,0.281,0.0,0.281,0.0,,
V8 solver-only train_roles,31,0.25,0.083,0.125,0.0,0.119,0.0,,
V8 solver-only train_roles,32,0.625,0.208,0.312,0.0,0.312,0.0,,
V8 solver-only train_roles,33,0.5,0.167,0.25,0.0,0.25,0.0,,
V8 solver-only train_roles,34,0.5,0.167,0.25,0.0,0.25,0.0,,
V8 solver-only train_roles,35,0.688,0.229,0.344,0.0,0.344,0.0,,
V8 solver-only train_roles,36,0.688,0.344,0.688,0.0,0.688,0.0,,
V8 solver-only train_roles,37,0.375,0.125,0.188,0.0,0.188,0.0,,
V8 solver-only train_roles,38,0.312,0.104,0.156,0.0,0.156,0.0,,
V8 solver-only train_roles,39,0.625,0.208,0.312,0.0,0.312,0.0,,
V8 solver-only train_roles,40,0.438,0.146,0.219,0.0,0.213,0.0,,
V8 solver-only train_roles,41,0.75,0.375,0.75,0.0,0.75,0.0,,
V8 solver-only train_roles,42,0.562,0.188,0.281,0.0,0.281,0.0,,
V8 solver-only train_roles,43,0.312,0.104,0.156,0.0,0.156,0.0,,
V8 solver-only train_roles,44,0.25,0.083,0.125,0.0,0.125,0.0,,
V8 solver-only train_roles,45,0.25,0.083,0.125,0.0,0.125,0.0,,
V8 solver-only train_roles,46,0.5,0.167,0.25,0.0,0.25,0.0,,
V8 solver-only train_roles,47,0.188,0.062,0.094,0.0,0.094,0.0,,
V8 solver-only train_roles,48,0.375,0.125,0.188,0.0,0.184,0.0,,
V8 solver-only train_roles,49,0.312,0.104,0.156,0.0,0.153,0.0,,
V8 solver-only train_roles,50,0.625,0.208,0.312,0.0,0.312,0.0,0.464,0.464
V8 solver-only train_roles,51,0.812,0.406,0.812,0.0,0.812,0.0,,
V8 solver-only train_roles,52,0.25,0.083,0.125,0.0,0.125,0.0,,
V8 solver-only train_roles,53,0.562,0.188,0.281,0.0,0.281,0.0,,
V8 solver-only train_roles,54,0.438,0.146,0.219,0.0,0.219,0.0,,
V8 solver-only train_roles,55,0.625,0.208,0.312,0.0,0.312,0.0,,
V8 solver-only train_roles,56,0.562,0.188,0.281,0.0,0.281,0.0,,
V8 solver-only train_roles,57,0.438,0.146,0.219,0.0,0.219,0.0,,
V8 solver-only train_roles,58,0.375,0.125,0.188,0.0,0.178,0.0,,
V8 solver-only train_roles,59,0.812,0.406,0.812,0.0,0.812,0.0,,
V8 solver-only train_roles,60,0.562,0.188,0.281,0.0,0.278,0.0,,
V8 solver-only train_roles,61,0.562,0.188,0.281,0.0,0.281,0.0,,
V8 solver-only train_roles,62,0.438,0.146,0.219,0.0,0.219,0.0,,
V8 solver-only train_roles,63,0.562,0.188,0.281,0.0,0.281,0.0,,
V8 solver-only train_roles,64,0.5,0.167,0.25,0.0,0.237,0.0,,
V8 solver-only train_roles,65,0.375,0.125,0.188,0.0,0.188,0.0,,
V8 solver-only train_roles,66,0.312,0.104,0.156,0.0,0.156,0.0,,
V8 solver-only train_roles,67,0.5,0.167,0.25,0.0,0.25,0.0,,
V8 solver-only train_roles,68,0.25,0.083,0.125,0.0,0.125,-0.006,,
V8 solver-only train_roles,69,0.375,0.125,0.188,0.0,0.188,0.0,,
V8 solver-only train_roles,70,0.688,0.229,0.344,0.0,0.344,0.0,,
V8 solver-only train_roles,71,0.562,0.188,0.281,0.0,0.281,0.0,,
V8 solver-only train_roles,72,0.5,0.167,0.25,0.0,0.25,0.0,,
V8 solver-only train_roles,73,0.688,0.229,0.344,0.0,0.344,0.0,,
V8 solver-only train_roles,74,0.625,0.208,0.312,0.0,0.312,0.0,,
V8 solver-only train_roles,75,0.375,0.125,0.188,0.0,0.188,0.0,,
V8 solver-only train_roles,76,0.438,0.146,0.219,0.0,0.219,0.0,,
V8 solver-only train_roles,77,0.25,0.083,0.125,0.0,0.125,0.0,,
V8 solver-only train_roles,78,0.438,0.146,0.219,0.0,0.219,0.0,,
V8 solver-only train_roles,79,0.5,0.167,0.25,0.0,0.25,0.0,,
V8 solver-only train_roles,80,0.562,0.188,0.281,0.0,0.281,0.0,,
V8 solver-only train_roles,81,0.438,0.146,0.219,0.0,0.219,0.0,,
V8 solver-only train_roles,82,0.312,0.104,0.156,0.0,0.156,0.0,,
V8 solver-only train_roles,83,0.5,0.167,0.25,0.0,0.25,-0.006,,
V8 solver-only train_roles,84,0.312,0.104,0.156,0.0,0.156,0.0,,
V8 solver-only train_roles,85,0.375,0.125,0.188,0.0,0.181,0.0,,
V8 solver-only train_roles,86,0.5,0.167,0.25,0.0,0.25,0.0,,
V8 solver-only train_roles,87,0.312,0.104,0.156,0.0,0.147,0.0,,
V8 solver-only train_roles,88,0.375,0.125,0.188,0.0,0.188,0.0,,
V8 solver-only train_roles,89,0.5,0.167,0.25,0.0,0.25,0.0,,
V8 solver-only train_roles,90,0.375,0.125,0.188,0.0,0.181,0.0,,
V8 solver-only train_roles,91,0.688,0.229,0.344,0.0,0.337,0.0,,
V8 solver-only train_roles,92,0.688,0.229,0.344,0.0,0.344,0.0,,
V8 solver-only train_roles,93,0.312,0.104,0.156,0.0,0.156,0.0,,
V8 solver-only train_roles,94,0.625,0.208,0.312,0.0,0.3,0.0,,
V8 solver-only train_roles,95,0.438,0.146,0.219,0.0,0.219,0.0,,
V8 solver-only train_roles,96,0.562,0.188,0.281,0.0,0.281,0.0,,
V8 solver-only train_roles,97,0.438,0.146,0.219,0.0,0.213,0.0,,
V8 solver-only train_roles,98,0.5,0.167,0.25,0.0,0.25,0.0,,
V8 solver-only train_roles,99,0.5,0.167,0.25,0.0,0.244,0.0,,
V8 solver-only train_roles,100,0.25,0.083,0.125,0.0,0.119,0.0,0.5,0.5
V8 solver-only train_roles,101,0.688,0.229,0.344,0.0,0.338,0.0,,
V8 solver-only train_roles,102,0.438,0.146,0.219,0.0,0.219,0.0,,
V8 solver-only train_roles,103,0.375,0.125,0.188,0.0,0.175,0.0,,
V8 solver-only train_roles,104,0.812,0.271,0.406,0.0,0.406,0.0,,
V8 solver-only train_roles,105,0.375,0.125,0.188,0.0,0.166,0.0,,
V8 solver-only train_roles,106,0.188,0.062,0.094,0.0,0.094,0.0,,
V8 solver-only train_roles,107,0.125,0.042,0.062,0.0,0.056,0.0,,
V8 solver-only train_roles,108,0.562,0.188,0.281,0.0,0.275,0.0,,
V8 solver-only train_roles,109,0.688,0.229,0.344,0.0,0.344,0.0,,
V8 solver-only train_roles,110,0.375,0.125,0.188,0.0,0.188,0.0,,
V8 solver-only train_roles,111,0.562,0.188,0.281,0.0,0.275,0.0,,
V8 solver-only train_roles,112,0.438,0.146,0.219,0.0,0.219,0.0,,
V8 solver-only train_roles,113,0.438,0.146,0.219,0.0,0.203,0.0,,
V8 solver-only train_roles,114,0.25,0.083,0.125,0.0,0.119,0.0,,
V8 solver-only train_roles,115,0.812,0.271,0.406,0.0,0.406,0.0,,
V8 solver-only train_roles,116,0.312,0.104,0.156,0.0,0.147,0.0,,
V8 solver-only train_roles,117,0.75,0.25,0.375,0.0,0.369,0.0,,
V8 solver-only train_roles,118,0.875,0.292,0.438,0.0,0.438,0.0,,
V8 solver-only train_roles,119,0.562,0.188,0.281,0.0,0.281,0.0,,
V8 solver-only train_roles,120,0.5,0.167,0.25,0.0,0.25,0.0,,
V8 solver-only train_roles,121,0.188,0.062,0.094,0.0,0.088,0.0,,
V8 solver-only train_roles,122,0.438,0.146,0.219,0.0,0.219,0.0,,
V8 solver-only train_roles,123,0.375,0.125,0.188,0.0,0.181,0.0,,
V8 solver-only train_roles,124,0.688,0.229,0.344,0.0,0.344,0.0,,
V8 solver-only train_roles,125,0.188,0.062,0.094,0.0,0.094,0.0,,
V8 solver-only train_roles,126,0.5,0.167,0.25,0.0,0.234,0.0,,
V8 solver-only train_roles,127,0.438,0.146,0.219,0.0,0.219,0.0,,
V8 solver-only train_roles,128,0.625,0.208,0.312,0.0,0.306,0.0,,
V8 solver-only train_roles,129,0.562,0.188,0.281,0.0,0.278,0.0,,
V8 solver-only train_roles,130,0.312,0.104,0.156,0.0,0.15,0.0,,
V8 solver-only train_roles,131,0.5,0.167,0.25,0.0,0.25,0.0,,
V8 solver-only train_roles,132,0.625,0.208,0.312,0.0,0.312,0.0,,
V8 solver-only train_roles,133,0.5,0.167,0.25,0.0,0.25,0.0,,
V8 solver-only train_roles,134,0.312,0.104,0.156,0.0,0.156,0.0,,
V8 solver-only train_roles,135,0.562,0.188,0.281,0.0,0.281,0.0,,
V8 solver-only train_roles,136,0.562,0.188,0.281,0.0,0.281,0.0,,
V8 solver-only train_roles,137,0.625,0.208,0.312,0.0,0.306,0.0,,
V8 solver-only train_roles,138,0.5,0.167,0.25,0.0,0.25,0.0,,
V8 solver-only train_roles,139,0.688,0.229,0.344,0.0,0.337,0.0,,
V8 solver-only train_roles,140,0.75,0.25,0.375,0.0,0.369,0.0,,
V8 solver-only train_roles,141,0.438,0.146,0.219,0.0,0.188,0.0,,
V8 solver-only train_roles,142,0.812,0.271,0.406,0.0,0.4,0.0,,
V8 solver-only train_roles,143,0.625,0.208,0.312,0.0,0.306,0.0,,
V8 solver-only train_roles,144,0.562,0.188,0.281,0.0,0.281,0.0,,
V8 solver-only train_roles,145,0.688,0.229,0.344,0.0,0.344,0.0,,
V8 solver-only train_roles,146,0.562,0.188,0.281,0.0,0.281,0.0,,
V8 solver-only train_roles,147,0.562,0.188,0.281,0.0,0.278,0.0,,
V8 solver-only train_roles,148,0.5,0.167,0.25,0.0,0.25,0.0,,
V8 solver-only train_roles,149,0.375,0.125,0.188,0.0,0.178,0.0,,
V8 solver-only train_roles,150,0.25,0.083,0.125,0.0,0.125,0.0,0.491,0.491
V8 solver-only train_roles,151,0.375,0.125,0.188,0.0,0.181,0.0,,
V8 solver-only train_roles,152,0.812,0.271,0.406,0.0,0.4,0.0,,
V8 solver-only train_roles,153,0.562,0.188,0.281,0.0,0.281,0.0,,
V8 solver-only train_roles,154,0.5,0.167,0.25,0.0,0.241,0.0,,
V8 solver-only train_roles,155,0.75,0.25,0.375,0.0,0.375,0.0,,
V8 solver-only train_roles,156,0.312,0.104,0.156,0.0,0.15,0.0,,
V8 solver-only train_roles,157,0.625,0.208,0.312,0.0,0.297,0.0,,
V8 solver-only train_roles,158,0.938,0.469,0.938,0.0,0.938,0.0,,
V8 solver-only train_roles,159,0.438,0.146,0.219,0.0,0.213,0.0,,
V8 solver-only train_roles,160,0.5,0.167,0.25,0.0,0.244,0.0,,
V8 solver-only train_roles,161,0.312,0.104,0.156,0.0,0.141,0.0,,
V8 solver-only train_roles,162,0.438,0.146,0.219,0.0,0.213,0.0,,
V8 solver-only train_roles,163,0.75,0.25,0.375,0.0,0.362,0.0,,
V8 solver-only train_roles,164,0.312,0.104,0.156,0.0,0.156,0.0,,
V8 solver-only train_roles,165,0.562,0.188,0.281,0.0,0.281,0.0,,
V8 solver-only train_roles,166,0.562,0.188,0.281,0.0,0.266,0.0,,
V8 solver-only train_roles,167,0.75,0.25,0.375,0.0,0.375,0.0,,
V8 solver-only train_roles,168,0.5,0.167,0.25,0.0,0.234,0.0,,
V8 solver-only train_roles,169,0.5,0.167,0.25,0.0,0.244,0.0,,
V8 solver-only train_roles,170,0.812,0.271,0.406,0.0,0.406,0.0,,
V8 solver-only train_roles,171,0.562,0.188,0.281,0.0,0.281,0.0,,
V8 solver-only train_roles,172,0.688,0.229,0.344,0.0,0.344,0.0,,
V8 solver-only train_roles,173,0.75,0.25,0.375,0.0,0.375,0.0,,
V8 solver-only train_roles,174,0.562,0.188,0.281,0.0,0.272,0.0,,
V8 solver-only train_roles,175,0.625,0.208,0.312,0.0,0.309,0.0,,
V8 solver-only train_roles,176,0.25,0.083,0.125,0.0,0.122,0.0,,
V8 solver-only train_roles,177,0.562,0.188,0.281,0.0,0.269,0.0,,
V8 solver-only train_roles,178,0.688,0.229,0.344,0.0,0.337,0.0,,
V8 solver-only train_roles,179,0.375,0.125,0.188,0.0,0.188,0.0,,
V8 solver-only train_roles,180,0.812,0.271,0.406,0.0,0.406,0.0,,
V8 solver-only train_roles,181,0.375,0.125,0.188,0.0,0.188,0.0,,
V8 solver-only train_roles,182,0.75,0.25,0.375,0.0,0.375,0.0,,
V8 solver-only train_roles,183,0.5,0.167,0.25,0.0,0.244,0.0,,
V8 solver-only train_roles,184,0.625,0.208,0.312,0.0,0.303,0.0,,
V8 solver-only train_roles,185,0.438,0.146,0.219,0.0,0.206,0.0,,
V8 solver-only train_roles,186,0.688,0.229,0.344,0.0,0.344,0.0,,
V8 solver-only train_roles,187,0.188,0.062,0.094,0.0,0.087,0.0,,
V8 solver-only train_roles,188,0.188,0.062,0.094,0.0,0.081,0.0,,
V8 solver-only train_roles,189,0.375,0.125,0.188,0.0,0.181,0.0,,
V8 solver-only train_roles,190,0.688,0.229,0.344,0.0,0.337,0.0,,
V8 solver-only train_roles,191,0.5,0.167,0.25,0.0,0.247,0.0,,
V8 solver-only train_roles,192,0.5,0.167,0.25,0.0,0.25,0.0,,
V8 solver-only train_roles,193,0.5,0.167,0.25,0.0,0.25,0.0,,
V8 solver-only train_roles,194,0.562,0.188,0.281,0.0,0.281,0.0,,
V8 solver-only train_roles,195,0.688,0.229,0.344,0.0,0.334,0.0,,
V8 solver-only train_roles,196,0.688,0.229,0.344,0.0,0.344,0.0,,
V8 solver-only train_roles,197,0.5,0.167,0.25,0.0,0.25,0.0,,
V8 solver-only train_roles,198,0.625,0.208,0.312,0.0,0.312,0.0,,
V8 solver-only train_roles,199,0.812,0.271,0.406,0.0,0.406,0.0,,
V8 solver-only train_roles,200,0.812,0.271,0.406,0.0,0.4,0.0,0.482,0.482
V8 solver-only train_roles,201,0.375,0.125,0.188,0.0,0.184,0.0,,
V8 solver-only train_roles,202,0.438,0.219,0.438,0.0,0.438,0.0,,
V8 solver-only train_roles,203,0.438,0.146,0.219,0.0,0.206,0.0,,
V8 solver-only train_roles,204,0.5,0.167,0.25,0.0,0.244,0.0,,
V8 solver-only train_roles,205,0.25,0.083,0.125,0.0,0.119,0.0,,
V8 solver-only train_roles,206,0.5,0.167,0.25,0.0,0.25,0.0,,
V8 solver-only train_roles,207,0.5,0.167,0.25,0.0,0.25,0.0,,
V8 solver-only train_roles,208,0.312,0.104,0.156,0.0,0.156,0.0,,
V8 solver-only train_roles,209,0.625,0.208,0.312,0.0,0.312,0.0,,
V8 solver-only train_roles,210,0.312,0.104,0.156,0.0,0.156,0.0,,
V8 solver-only train_roles,211,0.375,0.125,0.188,0.0,0.184,0.0,,
V8 solver-only train_roles,212,0.625,0.208,0.312,0.0,0.312,0.0,,
V8 solver-only train_roles,213,0.5,0.167,0.25,0.0,0.25,0.0,,
V8 solver-only train_roles,214,0.188,0.062,0.094,0.0,0.087,0.0,,
V8 solver-only train_roles,215,0.562,0.188,0.281,0.0,0.269,0.0,,
V8 solver-only train_roles,216,0.312,0.104,0.156,0.0,0.156,0.0,,
V8 solver-only train_roles,217,0.812,0.271,0.406,0.0,0.406,0.0,,
V8 solver-only train_roles,218,0.188,0.062,0.094,0.0,0.087,0.0,,
V8 solver-only train_roles,219,0.438,0.146,0.219,0.0,0.213,0.0,,
V8 solver-only train_roles,220,0.375,0.125,0.188,0.0,0.178,0.0,,
V8 solver-only train_roles,221,0.688,0.229,0.344,0.0,0.344,0.0,,
V8 solver-only train_roles,222,0.812,0.271,0.406,0.0,0.406,0.0,,
V8 solver-only train_roles,223,0.5,0.167,0.25,0.0,0.247,0.0,,
V8 solver-only train_roles,224,0.625,0.208,0.312,0.0,0.312,0.0,,
V8 solver-only train_roles,225,0.5,0.167,0.25,0.0,0.25,0.0,,
V8 solver-only train_roles,226,0.375,0.125,0.188,0.0,0.188,0.0,,
V8 solver-only train_roles,227,0.562,0.188,0.281,0.0,0.281,0.0,,
V8 solver-only train_roles,228,0.688,0.229,0.344,0.0,0.344,0.0,,
V8 solver-only train_roles,229,0.438,0.146,0.219,0.0,0.209,0.0,,
V8 solver-only train_roles,230,0.688,0.229,0.344,0.0,0.344,0.0,,
V8 solver-only train_roles,231,0.375,0.125,0.187,0.0,0.184,0.0,,
V8 solver-only train_roles,232,0.75,0.25,0.375,0.0,0.375,0.0,,
V8 solver-only train_roles,233,0.688,0.229,0.344,0.0,0.337,0.0,,
V8 solver-only train_roles,234,0.562,0.188,0.281,0.0,0.281,0.0,,
V8 solver-only train_roles,235,0.438,0.146,0.219,0.0,0.209,0.0,,
V8 solver-only train_roles,236,0.312,0.104,0.156,0.0,0.153,0.0,,
V8 solver-only train_roles,237,0.375,0.125,0.188,0.0,0.175,0.0,,
V8 solver-only train_roles,238,0.562,0.188,0.281,0.0,0.275,0.0,,
V8 solver-only train_roles,239,0.625,0.208,0.312,0.0,0.309,0.0,,
V8 solver-only train_roles,240,0.688,0.229,0.344,0.0,0.344,0.0,,
V8 solver-only train_roles,241,0.25,0.083,0.125,0.0,0.112,0.0,,
V8 solver-only train_roles,242,0.625,0.208,0.312,0.0,0.313,0.0,,
V8 solver-only train_roles,243,0.812,0.271,0.406,0.0,0.406,0.0,,
V8 solver-only train_roles,244,0.5,0.167,0.25,0.0,0.247,0.0,,
V8 solver-only train_roles,245,0.438,0.146,0.219,0.0,0.219,0.0,,
V8 solver-only train_roles,246,0.625,0.208,0.312,0.0,0.294,0.0,,
V8 solver-only train_roles,247,0.5,0.167,0.25,0.0,0.25,0.0,,
V8 solver-only train_roles,248,0.688,0.229,0.344,0.0,0.344,0.0,,
V8 solver-only train_roles,249,0.75,0.25,0.375,0.0,0.375,0.0,,
V8 solver-only train_roles,250,0.812,0.271,0.406,0.0,0.406,0.0,0.491,0.491
V8 solver-only train_roles,251,0.75,0.25,0.375,0.0,0.375,0.0,,
V8 solver-only train_roles,252,0.375,0.125,0.188,0.0,0.162,0.0,,
V8 solver-only train_roles,253,0.438,0.146,0.219,0.0,0.219,0.0,,
V8 solver-only train_roles,254,0.438,0.146,0.219,0.0,0.219,0.0,,
V8 solver-only train_roles,255,0.188,0.062,0.094,0.0,0.087,0.0,,
V8 solver-only train_roles,256,0.438,0.146,0.219,0.0,0.213,0.0,,
V8 solver-only train_roles,257,0.625,0.208,0.312,0.0,0.306,0.0,,
V8 solver-only train_roles,258,0.438,0.146,0.219,0.0,0.219,0.0,,
V8 solver-only train_roles,259,0.812,0.271,0.406,0.0,0.406,0.0,,
V8 solver-only train_roles,260,0.125,0.042,0.062,0.0,0.041,0.0,,
V8 solver-only train_roles,261,0.688,0.229,0.344,0.0,0.344,0.0,,
V8 solver-only train_roles,262,0.75,0.25,0.375,0.0,0.363,0.0,,
V8 solver-only train_roles,263,0.5,0.167,0.25,0.0,0.244,0.0,,
V8 solver-only train_roles,264,0.625,0.208,0.312,0.0,0.312,0.0,,
V8 solver-only train_roles,265,0.5,0.167,0.25,0.0,0.25,0.0,,
V8 solver-only train_roles,266,0.625,0.208,0.312,0.0,0.312,0.0,,
V8 solver-only train_roles,267,0.375,0.125,0.188,0.0,0.181,0.0,,
V8 solver-only train_roles,268,0.625,0.208,0.312,0.0,0.303,0.0,,
V8 solver-only train_roles,269,0.562,0.188,0.281,0.0,0.262,0.0,,
V8 solver-only train_roles,270,0.562,0.188,0.281,0.0,0.281,0.0,,
V8 solver-only train_roles,271,0.688,0.229,0.344,0.0,0.344,0.0,,
V8 solver-only train_roles,272,0.562,0.188,0.281,0.0,0.281,0.0,,
V8 solver-only train_roles,273,0.812,0.406,0.812,0.0,0.812,0.0,,
V8 solver-only train_roles,274,0.562,0.188,0.281,0.0,0.281,0.0,,
V8 solver-only train_roles,275,0.688,0.229,0.344,0.0,0.337,0.0,,
V8 solver-only train_roles,276,0.812,0.271,0.406,0.0,0.406,0.0,,
V8 solver-only train_roles,277,0.375,0.125,0.187,0.0,0.169,0.0,,
V8 solver-only train_roles,278,0.5,0.167,0.25,0.0,0.25,0.0,,
V8 solver-only train_roles,279,0.75,0.25,0.375,0.0,0.359,0.0,,
V8 solver-only train_roles,280,0.625,0.208,0.312,0.0,0.312,0.0,,
V8 solver-only train_roles,281,0.75,0.25,0.375,0.0,0.375,0.0,,
V8 solver-only train_roles,282,0.688,0.229,0.344,0.0,0.344,0.0,,
V8 solver-only train_roles,283,0.438,0.146,0.219,0.0,0.219,0.0,,
V8 solver-only train_roles,284,0.625,0.208,0.312,0.0,0.312,0.0,,
V8 solver-only train_roles,285,0.5,0.167,0.25,0.0,0.244,0.0,,
V8 solver-only train_roles,286,0.5,0.167,0.25,0.0,0.25,0.0,,
V8 solver-only train_roles,287,0.562,0.188,0.281,0.0,0.278,0.0,,
V8 solver-only train_roles,288,0.062,0.021,0.031,0.0,0.025,0.0,,
V8 solver-only train_roles,289,0.625,0.208,0.312,0.0,0.312,0.0,,
V8 solver-only train_roles,290,0.5,0.167,0.25,0.0,0.238,0.0,,
V8 solver-only train_roles,291,0.438,0.146,0.219,0.0,0.219,0.0,,
V8 solver-only train_roles,292,0.562,0.188,0.281,0.0,0.275,0.0,,
V8 solver-only train_roles,293,0.562,0.188,0.281,0.0,0.281,0.0,,
V8 solver-only train_roles,294,0.625,0.208,0.312,0.0,0.309,0.0,,
V8 solver-only train_roles,295,0.438,0.146,0.219,0.0,0.219,0.0,,
V8 solver-only train_roles,296,0.688,0.229,0.344,0.0,0.341,0.0,,
V8 solver-only train_roles,297,0.75,0.25,0.375,0.0,0.375,0.0,,
V8 solver-only train_roles,298,0.688,0.229,0.344,0.0,0.344,0.0,,
V8 solver-only train_roles,299,0.438,0.146,0.219,0.0,0.206,0.0,,
V8 solver-only train_roles,300,0.5,0.167,0.25,0.0,0.25,0.0,0.5,0.5
V8 solver-only train_roles,301,1.0,0.333,0.5,0.0,0.5,0.0,,
V8 solver-only train_roles,302,0.562,0.188,0.281,0.0,0.275,0.0,,
V8 solver-only train_roles,303,0.75,0.25,0.375,0.0,0.375,0.0,,
V8 solver-only train_roles,304,0.75,0.25,0.375,0.0,0.375,0.0,,
V8 solver-only train_roles,305,0.312,0.104,0.156,0.0,0.156,0.0,,
V8 solver-only train_roles,306,0.438,0.146,0.219,0.0,0.216,0.0,,
V8 solver-only train_roles,307,0.312,0.104,0.156,0.0,0.153,0.0,,
V8 solver-only train_roles,308,0.5,0.167,0.25,0.0,0.25,0.0,,
V8 solver-only train_roles,309,0.375,0.125,0.188,0.0,0.188,0.0,,
V8 solver-only train_roles,310,0.312,0.104,0.156,0.0,0.156,0.0,,
V8 solver-only train_roles,311,0.875,0.292,0.438,0.0,0.438,0.0,,
V8 solver-only train_roles,312,0.5,0.167,0.25,0.0,0.238,0.0,,
V8 solver-only train_roles,313,0.625,0.208,0.312,0.0,0.309,0.0,,
V8 solver-only train_roles,314,0.438,0.146,0.219,0.0,0.219,0.0,,
V8 solver-only train_roles,315,0.625,0.208,0.312,0.0,0.309,0.0,,
V8 solver-only train_roles,316,0.75,0.25,0.375,0.0,0.369,0.0,,
V8 solver-only train_roles,317,0.688,0.229,0.344,0.0,0.337,0.0,,
V8 solver-only train_roles,318,0.562,0.188,0.281,0.0,0.281,0.0,,
V8 solver-only train_roles,319,0.562,0.188,0.281,0.0,0.281,0.0,,
V8 solver-only train_roles,320,0.5,0.167,0.25,0.0,0.244,0.0,,
V8 solver-only train_roles,321,0.25,0.083,0.125,0.0,0.119,0.0,,
V8 solver-only train_roles,322,0.5,0.167,0.25,0.0,0.25,0.0,,
V8 solver-only train_roles,323,0.5,0.167,0.25,0.0,0.25,0.0,,
V8 solver-only train_roles,324,0.562,0.188,0.281,0.0,0.281,0.0,,
V8 solver-only train_roles,325,0.625,0.208,0.312,0.0,0.312,0.0,,
V8 solver-only train_roles,326,0.625,0.208,0.312,0.0,0.306,0.0,,
V8 solver-only train_roles,327,0.562,0.188,0.281,0.0,0.281,0.0,,
V8 solver-only train_roles,328,0.562,0.188,0.281,0.0,0.281,0.0,,
V8 solver-only train_roles,329,0.25,0.083,0.125,0.0,0.125,0.0,,
V8 solver-only train_roles,330,0.25,0.083,0.125,0.0,0.125,0.0,,
V8 solver-only train_roles,331,0.688,0.229,0.344,0.0,0.344,0.0,,
V8 solver-only train_roles,332,0.625,0.208,0.312,0.0,0.312,0.0,,
V8 solver-only train_roles,333,0.375,0.125,0.188,0.0,0.184,0.0,,
V8 solver-only train_roles,334,0.312,0.104,0.156,0.0,0.156,0.0,,
V8 solver-only train_roles,335,0.438,0.146,0.219,0.0,0.219,0.0,,
V8 solver-only train_roles,336,0.812,0.271,0.406,0.0,0.406,0.0,,
V8 solver-only train_roles,337,0.25,0.083,0.125,0.0,0.109,0.0,,
V8 solver-only train_roles,338,0.625,0.208,0.312,0.0,0.303,0.0,,
V8 solver-only train_roles,339,0.5,0.167,0.25,0.0,0.25,0.0,,
V8 solver-only train_roles,340,0.625,0.208,0.312,0.0,0.309,0.0,,
V8 solver-only train_roles,341,0.75,0.25,0.375,0.0,0.375,0.0,,
V8 solver-only train_roles,342,0.188,0.062,0.094,0.0,0.094,0.0,,
V8 solver-only train_roles,343,0.625,0.208,0.312,0.0,0.312,0.0,,
V8 solver-only train_roles,344,0.5,0.167,0.25,0.0,0.244,0.0,,
V8 solver-only train_roles,345,0.5,0.167,0.25,0.0,0.25,0.0,,
V8 solver-only train_roles,346,0.5,0.167,0.25,0.0,0.25,0.0,,
V8 solver-only train_roles,347,0.438,0.146,0.219,0.0,0.219,0.0,,
V8 solver-only train_roles,348,0.5,0.167,0.25,0.0,0.247,0.0,,
V8 solver-only train_roles,349,0.375,0.125,0.188,0.0,0.188,0.0,,
V8 solver-only train_roles,350,0.688,0.229,0.344,0.0,0.344,0.0,0.545,0.545
V8 solver-only train_roles,351,0.188,0.062,0.094,0.0,0.094,0.0,,
V8 solver-only train_roles,352,0.5,0.167,0.25,0.0,0.25,0.0,,
V8 solver-only train_roles,353,0.938,0.312,0.469,0.0,0.469,0.0,,
V8 solver-only train_roles,354,0.75,0.25,0.375,0.0,0.363,0.0,,
V8 solver-only train_roles,355,0.688,0.229,0.344,0.0,0.341,0.0,,
V8 solver-only train_roles,356,0.625,0.208,0.312,0.0,0.312,0.0,,
V8 solver-only train_roles,357,0.375,0.125,0.188,0.0,0.181,0.0,,
V8 solver-only train_roles,358,0.562,0.188,0.281,0.0,0.278,0.0,,
V8 solver-only train_roles,359,0.625,0.208,0.312,0.0,0.312,0.0,,
V8 solver-only train_roles,360,0.375,0.125,0.188,0.0,0.181,0.0,,
V8 solver-only train_roles,361,0.312,0.104,0.156,0.0,0.156,0.0,,
V8 solver-only train_roles,362,0.25,0.083,0.125,0.0,0.125,0.0,,
V8 solver-only train_roles,363,0.5,0.167,0.25,0.0,0.25,0.0,,
V8 solver-only train_roles,364,0.438,0.146,0.219,0.0,0.219,0.0,,
V8 solver-only train_roles,365,0.5,0.167,0.25,0.0,0.25,0.0,,
V8 solver-only train_roles,366,0.812,0.271,0.406,0.0,0.406,0.0,,
V8 solver-only train_roles,367,0.375,0.125,0.188,0.0,0.181,0.0,,
V8 solver-only train_roles,368,0.5,0.167,0.25,0.0,0.25,0.0,,
V8 solver-only train_roles,369,0.75,0.25,0.375,0.0,0.372,0.0,,
V8 solver-only train_roles,370,0.688,0.229,0.344,0.0,0.344,0.0,,
V8 solver-only train_roles,371,0.25,0.083,0.125,0.0,0.122,0.0,,
V8 solver-only train_roles,372,0.75,0.25,0.375,0.0,0.375,0.0,,
V8 solver-only train_roles,373,0.375,0.125,0.188,0.0,0.188,0.0,,
V8 solver-only train_roles,374,0.5,0.167,0.25,0.0,0.25,0.0,,
V8 solver-only train_roles,375,0.375,0.125,0.187,0.0,0.188,0.0,,
V8 solver-only train_roles,376,0.5,0.167,0.25,0.0,0.25,0.0,,
V8 solver-only train_roles,377,0.438,0.146,0.219,0.0,0.219,0.0,,
V8 solver-only train_roles,378,0.188,0.062,0.094,0.0,0.094,0.0,,
V8 solver-only train_roles,379,0.75,0.25,0.375,0.0,0.375,0.0,,
V8 solver-only train_roles,380,0.438,0.146,0.219,0.0,0.219,0.0,,
V8 solver-only train_roles,381,0.75,0.25,0.375,0.0,0.375,0.0,,
V8 solver-only train_roles,382,0.688,0.229,0.344,0.0,0.341,0.0,,
V8 solver-only train_roles,383,0.375,0.125,0.188,0.0,0.188,0.0,,
V8 solver-only train_roles,384,0.562,0.188,0.281,0.0,0.281,0.0,,
V8 solver-only train_roles,385,0.562,0.188,0.281,0.0,0.281,0.0,,
V8 solver-only train_roles,386,0.312,0.104,0.156,0.0,0.156,0.0,,
V8 solver-only train_roles,387,0.625,0.208,0.312,0.0,0.312,0.0,,
V8 solver-only train_roles,388,0.5,0.167,0.25,0.0,0.244,0.0,,
V8 solver-only train_roles,389,0.375,0.125,0.188,0.0,0.188,0.0,,
V8 solver-only train_roles,390,0.812,0.271,0.406,0.0,0.406,0.0,,
V8 solver-only train_roles,391,0.625,0.208,0.312,0.0,0.312,0.0,,
V8 solver-only train_roles,392,0.625,0.208,0.312,0.0,0.312,0.0,,
V8 solver-only train_roles,393,0.562,0.188,0.281,0.0,0.281,0.0,,
V8 solver-only train_roles,394,0.625,0.208,0.312,0.0,0.306,0.0,,
V8 solver-only train_roles,395,0.688,0.229,0.344,0.0,0.344,0.0,,
V8 solver-only train_roles,396,0.312,0.104,0.156,0.0,0.153,0.0,,
V8 solver-only train_roles,397,0.438,0.146,0.219,0.0,0.213,0.0,,
V8 solver-only train_roles,398,0.562,0.188,0.281,0.0,0.281,0.0,,
V8 solver-only train_roles,399,0.875,0.292,0.438,0.0,0.438,0.0,,
V8 solver-only train_roles,400,0.375,0.125,0.188,0.0,0.188,0.0,0.509,0.509
V8 solver-only train_roles,401,0.312,0.104,0.156,0.0,0.156,0.0,,
V8 solver-only train_roles,402,0.5,0.167,0.25,0.0,0.244,0.0,,
V8 solver-only train_roles,403,0.25,0.083,0.125,0.0,0.125,0.0,,
V8 solver-only train_roles,404,0.688,0.229,0.344,0.0,0.344,0.0,,
V8 solver-only train_roles,405,0.25,0.083,0.125,0.0,0.119,0.0,,
V8 solver-only train_roles,406,0.438,0.146,0.219,0.0,0.206,0.0,,
V8 solver-only train_roles,407,0.562,0.188,0.281,0.0,0.281,0.0,,
V8 solver-only train_roles,408,0.812,0.271,0.406,0.0,0.406,0.0,,
V8 solver-only train_roles,409,0.5,0.167,0.25,0.0,0.25,0.0,,
V8 solver-only train_roles,410,0.625,0.208,0.312,0.0,0.312,0.0,,
V8 solver-only train_roles,411,0.562,0.188,0.281,0.0,0.281,0.0,,
V8 solver-only train_roles,412,0.438,0.146,0.219,0.0,0.206,0.0,,
V8 solver-only train_roles,413,0.5,0.167,0.25,0.0,0.25,0.0,,
V8 solver-only train_roles,414,0.688,0.229,0.344,0.0,0.341,0.0,,
V8 solver-only train_roles,415,0.75,0.25,0.375,0.0,0.369,0.0,,
V8 solver-only train_roles,416,0.5,0.167,0.25,0.0,0.25,0.0,,
V8 solver-only train_roles,417,0.625,0.208,0.312,0.0,0.312,0.0,,
V8 solver-only train_roles,418,0.75,0.25,0.375,0.0,0.375,0.0,,
V8 solver-only train_roles,419,0.75,0.25,0.375,0.0,0.375,0.0,,
V8 solver-only train_roles,420,0.438,0.146,0.219,0.0,0.219,0.0,,
V8 solver-only train_roles,421,0.438,0.146,0.219,0.0,0.219,0.0,,
V8 solver-only train_roles,422,0.375,0.125,0.188,0.0,0.184,0.0,,
V8 solver-only train_roles,423,0.812,0.271,0.406,0.0,0.406,-0.006,,
V8 solver-only train_roles,424,0.625,0.208,0.312,0.0,0.312,0.0,,
V8 solver-only train_roles,425,0.5,0.167,0.25,0.0,0.241,0.0,,
V8 solver-only train_roles,426,0.438,0.146,0.219,0.0,0.219,0.0,,
V8 solver-only train_roles,427,0.812,0.406,0.812,0.0,0.806,0.0,,
V8 solver-only train_roles,428,0.562,0.188,0.281,0.0,0.281,0.0,,
V8 solver-only train_roles,429,0.625,0.208,0.312,0.0,0.306,0.0,,
V8 solver-only train_roles,430,0.875,0.292,0.438,0.0,0.425,0.0,,
V8 solver-only train_roles,431,0.562,0.188,0.281,0.0,0.275,0.0,,
V8 solver-only train_roles,432,0.562,0.188,0.281,0.0,0.269,0.0,,
V8 solver-only train_roles,433,0.312,0.104,0.156,0.0,0.147,0.0,,
V8 solver-only train_roles,434,0.75,0.25,0.375,0.0,0.372,0.0,,
V8 solver-only train_roles,435,0.688,0.229,0.344,0.0,0.325,0.0,,
V8 solver-only train_roles,436,0.562,0.188,0.281,0.0,0.275,0.0,,
V8 solver-only train_roles,437,0.438,0.146,0.219,0.0,0.219,0.0,,
V8 solver-only train_roles,438,0.625,0.208,0.312,0.0,0.312,0.0,,
V8 solver-only train_roles,439,0.5,0.167,0.25,0.0,0.25,0.0,,
V8 solver-only train_roles,440,0.5,0.167,0.25,0.0,0.25,0.0,,
V8 solver-only train_roles,441,0.5,0.167,0.25,0.0,0.25,0.0,,
V8 solver-only train_roles,442,0.312,0.104,0.156,0.0,0.153,0.0,,
V8 solver-only train_roles,443,0.688,0.229,0.344,0.0,0.328,0.0,,
V8 solver-only train_roles,444,0.625,0.208,0.312,0.0,0.309,0.0,,
V8 solver-only train_roles,445,0.5,0.167,0.25,0.0,0.241,0.0,,
V8 solver-only train_roles,446,0.438,0.146,0.219,0.0,0.216,0.0,,
V8 solver-only train_roles,447,0.312,0.104,0.156,0.0,0.153,0.0,,
V8 solver-only train_roles,448,0.5,0.167,0.25,0.0,0.25,0.0,,
V8 solver-only train_roles,449,0.75,0.25,0.375,0.0,0.375,0.0,,
V8 solver-only train_roles,450,0.125,0.042,0.062,0.0,0.059,0.0,0.518,0.518
V8 solver-only train_roles,451,0.438,0.146,0.219,0.0,0.219,0.0,,
V8 solver-only train_roles,452,0.625,0.208,0.312,0.0,0.303,0.0,,
V8 solver-only train_roles,453,0.5,0.167,0.25,0.0,0.25,0.0,,
V8 solver-only train_roles,454,0.812,0.271,0.406,0.0,0.4,-0.006,,
V8 solver-only train_roles,455,0.375,0.125,0.188,0.0,0.188,0.0,,
V8 solver-only train_roles,456,0.5,0.167,0.25,0.0,0.238,0.0,,
V8 solver-only train_roles,457,0.688,0.229,0.344,0.0,0.344,0.0,,
V8 solver-only train_roles,458,0.5,0.167,0.25,0.0,0.25,0.0,,
V8 solver-only train_roles,459,0.5,0.167,0.25,0.0,0.25,0.0,,
V8 solver-only train_roles,460,0.562,0.188,0.281,0.0,0.281,0.0,,
V8 solver-only train_roles,461,0.438,0.146,0.219,0.0,0.219,0.0,,
V8 solver-only train_roles,462,0.562,0.188,0.281,0.0,0.281,0.0,,
V8 solver-only train_roles,463,0.312,0.104,0.156,0.0,0.147,0.0,,
V8 solver-only train_roles,464,0.562,0.188,0.281,0.0,0.281,0.0,,
V8 solver-only train_roles,465,0.688,0.229,0.344,0.0,0.344,0.0,,
V8 solver-only train_roles,466,0.5,0.167,0.25,0.0,0.247,0.0,,
V8 solver-only train_roles,467,0.562,0.188,0.281,0.0,0.281,0.0,,
V8 solver-only train_roles,468,0.625,0.208,0.312,0.0,0.312,0.0,,
V8 solver-only train_roles,469,0.625,0.208,0.312,0.0,0.312,0.0,,
V8 solver-only train_roles,470,0.562,0.188,0.281,0.0,0.281,0.0,,
V8 solver-only train_roles,471,0.625,0.208,0.312,0.0,0.309,0.0,,
V8 solver-only train_roles,472,0.625,0.208,0.312,0.0,0.312,0.0,,
V8 solver-only train_roles,473,0.688,0.229,0.344,0.0,0.344,0.0,,
V8 solver-only train_roles,474,0.688,0.229,0.344,0.0,0.344,0.0,,
V8 solver-only train_roles,475,0.625,0.208,0.312,0.0,0.312,0.0,,
V8 solver-only train_roles,476,0.5,0.167,0.25,0.0,0.247,0.0,,
V8 solver-only train_roles,477,0.688,0.229,0.344,0.0,0.337,0.0,,
V8 solver-only train_roles,478,0.25,0.083,0.125,0.0,0.125,0.0,,
V8 solver-only train_roles,479,0.562,0.188,0.281,0.0,0.281,0.0,,
V8 solver-only train_roles,480,0.625,0.208,0.312,0.0,0.312,0.0,,
V8 solver-only train_roles,481,0.688,0.229,0.344,0.0,0.344,0.0,,
V8 solver-only train_roles,482,0.562,0.188,0.281,0.0,0.281,0.0,,
V8 solver-only train_roles,483,0.562,0.188,0.281,0.0,0.281,0.0,,
V8 solver-only train_roles,484,0.812,0.271,0.406,0.0,0.406,0.0,,
V8 solver-only train_roles,485,0.438,0.146,0.219,0.0,0.219,0.0,,
V8 solver-only train_roles,486,0.375,0.125,0.188,0.0,0.178,0.0,,
V8 solver-only train_roles,487,0.25,0.083,0.125,0.0,0.125,0.0,,
V8 solver-only train_roles,488,0.375,0.125,0.188,0.0,0.184,0.0,,
V8 solver-only train_roles,489,0.75,0.25,0.375,0.0,0.375,0.0,,
V8 solver-only train_roles,490,0.688,0.229,0.344,0.0,0.344,0.0,,
V8 solver-only train_roles,491,0.812,0.271,0.406,0.0,0.406,0.0,,
V8 solver-only train_roles,492,0.75,0.25,0.375,0.0,0.375,0.0,,
V8 solver-only train_roles,493,0.375,0.125,0.188,0.0,0.184,0.0,,
V8 solver-only train_roles,494,0.5,0.167,0.25,0.0,0.25,0.0,,
V8 solver-only train_roles,495,0.5,0.167,0.25,0.0,0.244,0.0,,
V8 solver-only train_roles,496,0.625,0.312,0.625,0.0,0.625,0.0,,
V8 solver-only train_roles,497,0.438,0.146,0.219,0.0,0.209,0.0,,
V8 solver-only train_roles,498,0.688,0.229,0.344,0.0,0.344,0.0,,
V8 solver-only train_roles,499,0.75,0.25,0.375,0.0,0.375,0.0,,
V8 solver-only train_roles,500,0.438,0.146,0.219,0.0,0.219,0.0,0.545,0.545
V9 solver+verifier train_roles,1,0.375,0.125,0.188,0.0,0.188,0.0,,
V9 solver+verifier train_roles,2,0.562,0.188,0.275,0.013,0.275,0.013,,
V9 solver+verifier train_roles,3,0.562,0.188,0.275,0.013,0.269,0.013,,
V9 solver+verifier train_roles,4,0.125,0.042,0.062,0.0,0.062,0.0,,
V9 solver+verifier train_roles,5,0.375,0.125,0.188,0.0,0.188,0.0,,
V9 solver+verifier train_roles,6,0.5,0.167,0.25,0.0,0.25,0.0,,
V9 solver+verifier train_roles,7,0.5,0.167,0.25,0.0,0.25,0.0,,
V9 solver+verifier train_roles,8,0.75,0.25,0.357,0.036,0.357,0.036,,
V9 solver+verifier train_roles,9,0.625,0.208,0.312,0.0,0.312,0.0,,
V9 solver+verifier train_roles,10,0.5,0.167,0.25,0.0,0.25,0.0,,
V9 solver+verifier train_roles,11,0.75,0.25,0.375,0.0,0.369,0.0,,
V9 solver+verifier train_roles,12,0.312,0.104,0.156,0.0,0.156,0.0,,
V9 solver+verifier train_roles,13,0.125,0.042,0.062,0.0,0.062,0.0,,
V9 solver+verifier train_roles,14,0.5,0.167,0.25,0.0,0.25,0.0,,
V9 solver+verifier train_roles,15,0.438,0.146,0.219,0.0,0.219,0.0,,
V9 solver+verifier train_roles,16,0.125,0.062,0.125,0.0,0.125,0.0,,
V9 solver+verifier train_roles,17,0.312,0.104,0.156,0.0,0.156,0.0,,
V9 solver+verifier train_roles,18,0.375,0.125,0.188,0.0,0.188,0.0,,
V9 solver+verifier train_roles,19,0.25,0.083,0.125,0.0,0.125,0.0,,
V9 solver+verifier train_roles,20,0.438,0.146,0.219,0.0,0.219,0.0,,
V9 solver+verifier train_roles,21,0.438,0.146,0.156,0.125,0.153,0.125,,
V9 solver+verifier train_roles,22,0.312,0.104,0.148,0.016,0.148,0.016,,
V9 solver+verifier train_roles,23,0.75,0.375,0.75,0.0,0.75,0.0,,
V9 solver+verifier train_roles,24,0.375,0.125,0.156,0.062,0.156,0.062,,
V9 solver+verifier train_roles,25,0.5,0.167,0.25,0.0,0.244,0.0,,
V9 solver+verifier train_roles,26,0.5,0.167,0.25,0.0,0.25,0.0,,
V9 solver+verifier train_roles,27,0.625,0.208,0.305,0.016,0.305,0.016,,
V9 solver+verifier train_roles,28,0.438,0.146,0.219,0.0,0.213,0.0,,
V9 solver+verifier train_roles,29,0.312,0.104,0.156,0.0,0.156,0.0,,
V9 solver+verifier train_roles,30,0.562,0.188,0.281,0.0,0.281,0.0,,
V9 solver+verifier train_roles,31,0.188,0.062,0.094,0.0,0.094,0.0,,
V9 solver+verifier train_roles,32,0.562,0.188,0.281,0.0,0.281,0.0,,
V9 solver+verifier train_roles,33,0.5,0.167,0.25,0.0,0.25,0.0,,
V9 solver+verifier train_roles,34,0.562,0.188,0.267,0.028,0.264,0.028,,
V9 solver+verifier train_roles,35,0.688,0.229,0.326,0.035,0.326,0.035,,
V9 solver+verifier train_roles,36,0.625,0.208,0.304,0.018,0.297,0.018,,
V9 solver+verifier train_roles,37,0.375,0.125,0.188,0.0,0.188,0.0,,
V9 solver+verifier train_roles,38,0.312,0.104,0.156,0.0,0.156,0.0,,
V9 solver+verifier train_roles,39,0.5,0.167,0.232,0.036,0.232,0.036,,
V9 solver+verifier train_roles,40,0.438,0.146,0.219,0.0,0.219,0.0,,
V9 solver+verifier train_roles,41,0.438,0.146,0.219,0.0,0.219,0.0,,
V9 solver+verifier train_roles,42,0.375,0.125,0.18,0.016,0.18,0.016,,
V9 solver+verifier train_roles,43,0.438,0.146,0.198,0.042,0.198,0.042,,
V9 solver+verifier train_roles,44,0.438,0.146,0.219,0.0,0.219,0.0,,
V9 solver+verifier train_roles,45,0.562,0.188,0.281,0.0,0.281,0.0,,
V9 solver+verifier train_roles,46,0.5,0.167,0.25,0.0,0.25,0.0,,
V9 solver+verifier train_roles,47,0.25,0.083,0.125,0.0,0.125,0.0,,
V9 solver+verifier train_roles,48,0.5,0.167,0.24,0.021,0.24,0.021,,
V9 solver+verifier train_roles,49,0.312,0.104,0.156,0.0,0.156,0.0,,
V9 solver+verifier train_roles,50,0.625,0.208,0.312,0.0,0.312,0.0,0.482,0.482
V9 solver+verifier train_roles,51,0.75,0.25,0.375,0.0,0.375,0.0,,
V9 solver+verifier train_roles,52,0.375,0.125,0.188,0.0,0.181,0.0,,
V9 solver+verifier train_roles,53,0.688,0.229,0.344,0.0,0.338,0.0,,
V9 solver+verifier train_roles,54,0.688,0.229,0.312,0.062,0.312,0.062,,
V9 solver+verifier train_roles,55,0.75,0.25,0.32,0.111,0.32,0.111,,
V9 solver+verifier train_roles,56,0.438,0.146,0.219,0.0,0.216,0.0,,
V9 solver+verifier train_roles,57,0.5,0.167,0.25,0.0,0.25,0.0,,
V9 solver+verifier train_roles,58,0.312,0.104,0.156,0.0,0.156,0.0,,
V9 solver+verifier train_roles,59,0.812,0.271,0.406,0.0,0.406,0.0,,
V9 solver+verifier train_roles,60,0.625,0.208,0.305,0.016,0.295,0.016,,
V9 solver+verifier train_roles,61,0.438,0.146,0.219,0.0,0.213,0.0,,
V9 solver+verifier train_roles,62,0.375,0.125,0.188,0.0,0.188,0.0,,
V9 solver+verifier train_roles,63,0.625,0.208,0.312,0.0,0.312,0.0,,
V9 solver+verifier train_roles,64,0.625,0.208,0.312,0.0,0.306,0.0,,
V9 solver+verifier train_roles,65,0.5,0.167,0.219,0.062,0.219,0.062,,
V9 solver+verifier train_roles,66,0.312,0.104,0.156,0.0,0.156,0.0,,
V9 solver+verifier train_roles,67,0.5,0.167,0.244,0.013,0.244,0.013,,
V9 solver+verifier train_roles,68,0.5,0.167,0.242,0.016,0.242,0.016,,
V9 solver+verifier train_roles,69,0.375,0.125,0.174,0.026,0.174,0.026,,
V9 solver+verifier train_roles,70,0.562,0.188,0.273,0.016,0.273,0.016,,
V9 solver+verifier train_roles,71,0.562,0.188,0.273,0.016,0.273,0.016,,
V9 solver+verifier train_roles,72,0.5,0.167,0.25,0.0,0.25,0.0,,
V9 solver+verifier train_roles,73,0.75,0.25,0.375,0.0,0.375,0.0,,
V9 solver+verifier train_roles,74,0.75,0.25,0.367,0.016,0.364,0.016,,
V9 solver+verifier train_roles,75,0.375,0.125,0.188,0.0,0.181,0.0,,
V9 solver+verifier train_roles,76,0.5,0.167,0.25,0.0,0.244,0.0,,
V9 solver+verifier train_roles,77,0.312,0.104,0.156,0.0,0.156,0.0,,
V9 solver+verifier train_roles,78,0.562,0.188,0.281,0.0,0.281,0.0,,
V9 solver+verifier train_roles,79,0.375,0.188,0.375,0.0,0.375,0.0,,
V9 solver+verifier train_roles,80,0.625,0.208,0.306,0.013,0.3,0.013,,
V9 solver+verifier train_roles,81,0.562,0.188,0.281,0.0,0.281,0.0,,
V9 solver+verifier train_roles,82,0.438,0.146,0.219,0.0,0.219,0.0,,
V9 solver+verifier train_roles,83,0.562,0.188,0.281,0.0,0.281,0.0,,
V9 solver+verifier train_roles,84,0.312,0.104,0.156,0.0,0.156,0.0,,
V9 solver+verifier train_roles,85,0.562,0.188,0.281,0.0,0.281,0.0,,
V9 solver+verifier train_roles,86,0.5,0.167,0.25,0.0,0.25,0.0,,
V9 solver+verifier train_roles,87,0.375,0.125,0.18,0.016,0.17,0.016,,
V9 solver+verifier train_roles,88,0.562,0.188,0.273,0.016,0.267,0.016,,
V9 solver+verifier train_roles,89,0.562,0.188,0.281,0.0,0.275,0.0,,
V9 solver+verifier train_roles,90,0.5,0.167,0.25,0.0,0.247,0.0,,
V9 solver+verifier train_roles,91,0.625,0.208,0.302,0.021,0.293,0.021,,
V9 solver+verifier train_roles,92,0.625,0.208,0.312,0.0,0.306,0.0,,
V9 solver+verifier train_roles,93,0.5,0.167,0.25,0.0,0.25,0.0,,
V9 solver+verifier train_roles,94,0.625,0.208,0.312,0.0,0.312,0.0,,
V9 solver+verifier train_roles,95,0.438,0.146,0.219,0.0,0.219,0.0,,
V9 solver+verifier train_roles,96,0.5,0.167,0.25,0.0,0.238,0.0,,
V9 solver+verifier train_roles,97,0.438,0.146,0.219,0.0,0.213,0.0,,
V9 solver+verifier train_roles,98,0.562,0.188,0.281,0.0,0.281,0.0,,
V9 solver+verifier train_roles,99,0.562,0.188,0.275,0.013,0.269,0.013,,
V9 solver+verifier train_roles,100,0.5,0.167,0.244,0.013,0.238,0.013,0.5,0.5
V9 solver+verifier train_roles,101,0.75,0.25,0.375,0.0,0.375,0.0,,
V9 solver+verifier train_roles,102,0.5,0.167,0.25,0.0,0.25,0.0,,
V9 solver+verifier train_roles,103,0.5,0.167,0.25,0.0,0.225,0.0,,
V9 solver+verifier train_roles,104,0.688,0.229,0.336,0.016,0.33,0.016,,
V9 solver+verifier train_roles,105,0.375,0.125,0.188,0.0,0.181,0.0,,
V9 solver+verifier train_roles,106,0.25,0.083,0.125,0.0,0.116,0.0,,
V9 solver+verifier train_roles,107,0.25,0.083,0.125,0.0,0.122,0.0,,
V9 solver+verifier train_roles,108,0.312,0.104,0.148,0.016,0.148,0.016,,
V9 solver+verifier train_roles,109,0.938,0.312,0.469,0.0,0.462,0.0,,
V9 solver+verifier train_roles,110,0.438,0.146,0.219,0.0,0.209,0.0,,
V9 solver+verifier train_roles,111,0.625,0.208,0.305,0.016,0.298,0.016,,
V9 solver+verifier train_roles,112,0.312,0.104,0.156,0.0,0.147,0.0,,
V9 solver+verifier train_roles,113,0.5,0.167,0.25,0.0,0.234,0.0,,
V9 solver+verifier train_roles,114,0.562,0.188,0.281,0.0,0.281,0.0,,
V9 solver+verifier train_roles,115,0.938,0.312,0.469,0.0,0.462,0.0,,
V9 solver+verifier train_roles,116,0.438,0.146,0.219,0.0,0.206,0.0,,
V9 solver+verifier train_roles,117,0.562,0.188,0.281,0.0,0.281,0.0,,
V9 solver+verifier train_roles,118,0.938,0.312,0.469,0.0,0.469,0.0,,
V9 solver+verifier train_roles,119,0.75,0.25,0.375,0.0,0.375,0.0,,
V9 solver+verifier train_roles,120,0.375,0.125,0.188,0.0,0.188,0.0,,
V9 solver+verifier train_roles,121,0.188,0.062,0.094,0.0,0.087,0.0,,
V9 solver+verifier train_roles,122,0.5,0.167,0.25,0.0,0.25,0.0,,
V9 solver+verifier train_roles,123,0.375,0.125,0.188,0.0,0.175,0.0,,
V9 solver+verifier train_roles,124,0.688,0.229,0.333,0.021,0.333,0.021,,
V9 solver+verifier train_roles,125,0.312,0.104,0.156,0.0,0.141,0.0,,
V9 solver+verifier train_roles,126,0.688,0.229,0.344,0.0,0.334,0.0,,
V9 solver+verifier train_roles,127,0.562,0.188,0.281,0.0,0.281,0.0,,
V9 solver+verifier train_roles,128,0.688,0.344,0.688,0.0,0.688,0.0,,
V9 solver+verifier train_roles,129,0.5,0.167,0.25,0.0,0.247,0.0,,
V9 solver+verifier train_roles,130,0.562,0.188,0.274,0.015,0.264,0.015,,
V9 solver+verifier train_roles,131,0.438,0.146,0.219,0.0,0.219,0.0,,
V9 solver+verifier train_roles,132,0.625,0.208,0.312,0.0,0.303,0.0,,
V9 solver+verifier train_roles,133,0.5,0.167,0.188,0.125,0.188,0.125,,
V9 solver+verifier train_roles,134,0.562,0.188,0.271,0.021,0.258,0.021,,
V9 solver+verifier train_roles,135,0.812,0.271,0.398,0.016,0.398,0.016,,
V9 solver+verifier train_roles,136,0.625,0.208,0.312,0.0,0.312,0.0,,
V9 solver+verifier train_roles,137,0.688,0.229,0.312,0.062,0.312,0.062,,
V9 solver+verifier train_roles,138,0.75,0.25,0.361,0.028,0.358,0.028,,
V9 solver+verifier train_roles,139,0.812,0.271,0.406,0.0,0.403,0.0,,
V9 solver+verifier train_roles,140,0.75,0.25,0.375,0.0,0.372,0.0,,
V9 solver+verifier train_roles,141,0.5,0.167,0.25,0.0,0.234,0.0,,
V9 solver+verifier train_roles,142,0.438,0.146,0.219,0.0,0.219,0.0,,
V9 solver+verifier train_roles,143,0.625,0.208,0.312,0.0,0.306,0.0,,
V9 solver+verifier train_roles,144,0.562,0.188,0.25,0.062,0.244,0.062,,
V9 solver+verifier train_roles,145,0.688,0.229,0.344,0.0,0.344,0.0,,
V9 solver+verifier train_roles,146,0.562,0.188,0.281,0.0,0.275,0.0,,
V9 solver+verifier train_roles,147,0.625,0.208,0.312,0.0,0.309,0.0,,
V9 solver+verifier train_roles,148,0.5,0.167,0.25,0.0,0.241,0.0,,
V9 solver+verifier train_roles,149,0.562,0.188,0.281,0.0,0.275,0.0,,
V9 solver+verifier train_roles,150,0.188,0.062,0.094,0.0,0.088,0.0,0.518,0.518
V9 solver+verifier train_roles,151,0.438,0.146,0.219,0.0,0.213,0.0,,
V9 solver+verifier train_roles,152,0.75,0.25,0.375,0.0,0.375,0.0,,
V9 solver+verifier train_roles,153,0.625,0.208,0.305,0.016,0.302,0.016,,
V9 solver+verifier train_roles,154,0.625,0.208,0.312,0.0,0.309,0.0,,
V9 solver+verifier train_roles,155,0.625,0.208,0.284,0.057,0.281,0.057,,
V9 solver+verifier train_roles,156,0.438,0.146,0.219,0.0,0.216,0.0,,
V9 solver+verifier train_roles,157,0.562,0.188,0.281,0.0,0.275,0.0,,
V9 solver+verifier train_roles,158,0.812,0.271,0.4,0.013,0.4,0.013,,
V9 solver+verifier train_roles,159,0.375,0.125,0.18,0.016,0.167,0.016,,
V9 solver+verifier train_roles,160,0.438,0.146,0.219,0.0,0.213,0.0,,
V9 solver+verifier train_roles,161,0.375,0.125,0.188,0.0,0.188,0.0,,
V9 solver+verifier train_roles,162,0.5,0.167,0.242,0.016,0.236,0.016,,
V9 solver+verifier train_roles,163,0.562,0.188,0.273,0.016,0.258,0.016,,
V9 solver+verifier train_roles,164,0.438,0.146,0.19,0.057,0.187,0.057,,
V9 solver+verifier train_roles,165,0.562,0.188,0.281,0.0,0.281,0.0,,
V9 solver+verifier train_roles,166,0.375,0.125,0.188,0.0,0.181,0.0,,
V9 solver+verifier train_roles,167,0.562,0.188,0.281,0.0,0.281,0.0,,
V9 solver+verifier train_roles,168,0.438,0.146,0.219,0.0,0.219,0.0,,
V9 solver+verifier train_roles,169,0.562,0.188,0.281,0.0,0.275,0.0,,
V9 solver+verifier train_roles,170,0.625,0.208,0.312,0.0,0.312,0.0,,
V9 solver+verifier train_roles,171,0.312,0.104,0.148,0.016,0.148,0.016,,
V9 solver+verifier train_roles,172,0.688,0.229,0.338,0.013,0.337,0.013,,
V9 solver+verifier train_roles,173,0.562,0.188,0.281,0.0,0.281,0.0,,
V9 solver+verifier train_roles,174,0.312,0.104,0.146,0.021,0.146,0.021,,
V9 solver+verifier train_roles,175,0.438,0.146,0.201,0.036,0.201,0.036,,
V9 solver+verifier train_roles,176,0.25,0.083,0.125,0.0,0.125,0.0,,
V9 solver+verifier train_roles,177,0.5,0.167,0.25,0.0,0.25,0.0,,
V9 solver+verifier train_roles,178,0.625,0.208,0.305,0.016,0.305,0.016,,
V9 solver+verifier train_roles,179,0.375,0.125,0.188,0.0,0.184,0.0,,
V9 solver+verifier train_roles,180,0.562,0.188,0.275,0.013,0.275,0.013,,
V9 solver+verifier train_roles,181,0.375,0.125,0.188,0.0,0.181,0.0,,
V9 solver+verifier train_roles,182,0.625,0.208,0.298,0.028,0.295,0.028,,
V9 solver+verifier train_roles,183,0.625,0.208,0.301,0.024,0.291,0.024,,
V9 solver+verifier train_roles,184,0.562,0.188,0.242,0.078,0.242,0.078,,
V9 solver+verifier train_roles,185,0.312,0.104,0.156,0.0,0.156,0.0,,
V9 solver+verifier train_roles,186,0.688,0.229,0.344,0.0,0.344,0.0,,
V9 solver+verifier train_roles,187,0.188,0.062,0.094,0.0,0.094,0.0,,
V9 solver+verifier train_roles,188,0.312,0.104,0.156,0.0,0.153,0.0,,
V9 solver+verifier train_roles,189,0.312,0.104,0.156,0.0,0.156,0.0,,
V9 solver+verifier train_roles,190,0.562,0.188,0.275,0.013,0.259,0.013,,
V9 solver+verifier train_roles,191,0.562,0.188,0.25,0.062,0.244,0.062,,
V9 solver+verifier train_roles,192,0.312,0.104,0.156,0.0,0.144,0.0,,
V9 solver+verifier train_roles,193,0.625,0.208,0.281,0.062,0.281,0.062,,
V9 solver+verifier train_roles,194,0.688,0.229,0.305,0.078,0.302,0.078,,
V9 solver+verifier train_roles,195,0.812,0.271,0.4,0.013,0.384,0.013,,
V9 solver+verifier train_roles,196,0.5,0.167,0.25,0.0,0.244,0.0,,
V9 solver+verifier train_roles,197,0.438,0.146,0.212,0.013,0.213,0.013,,
V9 solver+verifier train_roles,198,0.438,0.146,0.208,0.021,0.199,0.021,,
V9 solver+verifier train_roles,199,0.688,0.229,0.305,0.078,0.305,0.078,,
V9 solver+verifier train_roles,200,0.812,0.271,0.396,0.021,0.396,0.021,0.473,0.473
V9 solver+verifier train_roles,201,0.438,0.146,0.219,0.0,0.206,0.0,,
V9 solver+verifier train_roles,202,0.5,0.167,0.242,0.016,0.242,0.016,,
V9 solver+verifier train_roles,203,0.375,0.125,0.181,0.013,0.175,0.013,,
V9 solver+verifier train_roles,204,0.75,0.25,0.305,0.141,0.298,0.141,,
V9 solver+verifier train_roles,205,0.312,0.104,0.146,0.021,0.143,0.021,,
V9 solver+verifier train_roles,206,0.688,0.229,0.344,0.0,0.328,0.0,,
V9 solver+verifier train_roles,207,0.625,0.208,0.312,0.0,0.312,0.0,,
V9 solver+verifier train_roles,208,0.125,0.042,0.062,0.0,0.056,0.0,,
V9 solver+verifier train_roles,209,0.375,0.125,0.172,0.031,0.172,0.031,,
V9 solver+verifier train_roles,210,0.375,0.125,0.188,0.0,0.188,0.0,,
V9 solver+verifier train_roles,211,0.5,0.167,0.25,0.0,0.25,0.0,,
V9 solver+verifier train_roles,212,0.438,0.146,0.219,0.0,0.219,0.0,,
V9 solver+verifier train_roles,213,0.625,0.208,0.289,0.047,0.289,0.047,,
V9 solver+verifier train_roles,214,0.375,0.125,0.188,0.0,0.166,0.0,,
V9 solver+verifier train_roles,215,0.5,0.167,0.25,0.0,0.222,0.0,,
V9 solver+verifier train_roles,216,0.438,0.146,0.212,0.013,0.213,0.013,,
V9 solver+verifier train_roles,217,0.688,0.229,0.328,0.031,0.322,0.031,,
V9 solver+verifier train_roles,218,0.125,0.042,0.062,0.0,0.056,0.0,,
V9 solver+verifier train_roles,219,0.375,0.125,0.188,0.0,0.181,0.0,,
V9 solver+verifier train_roles,220,0.5,0.167,0.242,0.016,0.227,0.016,,
V9 solver+verifier train_roles,221,0.625,0.208,0.306,0.013,0.306,0.013,,
V9 solver+verifier train_roles,222,0.812,0.406,0.812,0.0,0.812,0.0,,
V9 solver+verifier train_roles,223,0.625,0.208,0.281,0.062,0.272,0.062,,
V9 solver+verifier train_roles,224,0.562,0.188,0.263,0.036,0.251,0.036,,
V9 solver+verifier train_roles,225,0.5,0.167,0.219,0.062,0.2,0.062,,
V9 solver+verifier train_roles,226,0.375,0.125,0.188,0.0,0.175,0.0,,
V9 solver+verifier train_roles,227,0.688,0.229,0.344,0.0,0.338,0.0,,
V9 solver+verifier train_roles,228,0.625,0.208,0.281,0.062,0.263,0.062,,
V9 solver+verifier train_roles,229,0.438,0.146,0.219,0.0,0.197,0.0,,
V9 solver+verifier train_roles,230,0.562,0.188,0.281,0.0,0.272,0.0,,
V9 solver+verifier train_roles,231,0.625,0.208,0.281,0.062,0.259,0.062,,
V9 solver+verifier train_roles,232,0.688,0.229,0.333,0.021,0.333,0.021,,
V9 solver+verifier train_roles,233,0.812,0.271,0.384,0.044,0.375,0.044,,
V9 solver+verifier train_roles,234,0.688,0.229,0.344,0.0,0.337,0.0,,
V9 solver+verifier train_roles,235,0.375,0.125,0.18,0.016,0.148,0.016,,
V9 solver+verifier train_roles,236,0.375,0.125,0.177,0.021,0.165,0.021,,
V9 solver+verifier train_roles,237,0.438,0.146,0.219,0.0,0.197,0.0,,
V9 solver+verifier train_roles,238,0.625,0.208,0.312,0.0,0.287,0.0,,
V9 solver+verifier train_roles,239,0.562,0.188,0.271,0.021,0.243,0.021,,
V9 solver+verifier train_roles,240,0.688,0.229,0.336,0.016,0.33,0.016,,
V9 solver+verifier train_roles,241,0.5,0.167,0.242,0.016,0.214,0.016,,
V9 solver+verifier train_roles,242,0.875,0.292,0.438,0.0,0.425,0.0,,
V9 solver+verifier train_roles,243,0.812,0.271,0.375,0.062,0.375,0.062,,
V9 solver+verifier train_roles,244,0.688,0.229,0.344,0.0,0.344,0.0,,
V9 solver+verifier train_roles,245,0.562,0.188,0.273,0.016,0.27,0.016,,
V9 solver+verifier train_roles,246,0.625,0.208,0.312,0.0,0.306,0.0,,
V9 solver+verifier train_roles,247,0.688,0.229,0.338,0.013,0.325,0.013,,
V9 solver+verifier train_roles,248,0.75,0.25,0.375,0.0,0.369,0.0,,
V9 solver+verifier train_roles,249,0.75,0.25,0.357,0.036,0.351,0.036,,
V9 solver+verifier train_roles,250,0.75,0.25,0.375,0.0,0.375,0.0,0.536,0.536
V9 solver+verifier train_roles,251,0.625,0.208,0.312,0.0,0.306,0.0,,
V9 solver+verifier train_roles,252,0.625,0.208,0.312,0.0,0.3,0.0,,
V9 solver+verifier train_roles,253,0.25,0.083,0.117,0.016,0.114,0.016,,
V9 solver+verifier train_roles,254,0.5,0.167,0.242,0.016,0.227,0.016,,
V9 solver+verifier train_roles,255,0.625,0.208,0.288,0.049,0.282,0.049,,
V9 solver+verifier train_roles,256,0.625,0.208,0.263,0.099,0.251,0.099,,
V9 solver+verifier train_roles,257,0.625,0.208,0.281,0.062,0.266,0.062,,
V9 solver+verifier train_roles,258,0.5,0.167,0.25,0.0,0.244,0.0,,
V9 solver+verifier train_roles,259,0.75,0.25,0.375,0.0,0.353,0.0,,
V9 solver+verifier train_roles,260,0.375,0.125,0.188,0.0,0.162,0.0,,
V9 solver+verifier train_roles,261,0.625,0.208,0.312,0.0,0.306,0.0,,
V9 solver+verifier train_roles,262,0.625,0.208,0.288,0.049,0.282,0.049,,
V9 solver+verifier train_roles,263,0.438,0.146,0.211,0.016,0.205,0.016,,
V9 solver+verifier train_roles,264,0.688,0.229,0.302,0.083,0.293,0.083,,
V9 solver+verifier train_roles,265,0.438,0.146,0.213,0.013,0.209,0.013,,
V9 solver+verifier train_roles,266,0.5,0.167,0.242,0.016,0.242,0.016,,
V9 solver+verifier train_roles,267,0.438,0.146,0.213,0.013,0.197,0.013,,
V9 solver+verifier train_roles,268,0.562,0.188,0.25,0.062,0.238,0.062,,
V9 solver+verifier train_roles,269,0.375,0.125,0.188,0.0,0.166,0.0,,
V9 solver+verifier train_roles,270,0.688,0.229,0.305,0.078,0.295,0.078,,
V9 solver+verifier train_roles,271,0.812,0.271,0.392,0.028,0.392,0.028,,
V9 solver+verifier train_roles,272,0.625,0.208,0.312,0.0,0.306,0.0,,
V9 solver+verifier train_roles,273,0.75,0.25,0.369,0.013,0.369,0.013,,
V9 solver+verifier train_roles,274,0.688,0.229,0.301,0.086,0.285,0.086,,
V9 solver+verifier train_roles,275,0.438,0.146,0.193,0.052,0.19,0.052,,
V9 solver+verifier train_roles,276,0.688,0.229,0.312,0.062,0.312,0.062,,
V9 solver+verifier train_roles,277,0.438,0.146,0.219,0.0,0.219,0.0,,
V9 solver+verifier train_roles,278,0.688,0.229,0.284,0.12,0.281,0.12,,
V9 solver+verifier train_roles,279,0.75,0.25,0.29,0.169,0.275,0.169,,
V9 solver+verifier train_roles,280,0.5,0.167,0.24,0.021,0.233,0.021,,
V9 solver+verifier train_roles,281,0.625,0.208,0.271,0.083,0.268,0.083,,
V9 solver+verifier train_roles,282,0.75,0.25,0.341,0.068,0.341,0.068,,
V9 solver+verifier train_roles,283,0.562,0.188,0.262,0.039,0.255,0.039,,
V9 solver+verifier train_roles,284,0.625,0.208,0.271,0.083,0.265,0.083,,
V9 solver+verifier train_roles,285,0.438,0.146,0.177,0.083,0.171,0.083,,
V9 solver+verifier train_roles,286,0.625,0.208,0.236,0.153,0.236,0.153,,
V9 solver+verifier train_roles,287,0.625,0.208,0.265,0.096,0.265,0.096,,
V9 solver+verifier train_roles,288,0.188,0.062,0.062,0.062,0.056,0.062,,
V9 solver+verifier train_roles,289,0.625,0.208,0.292,0.042,0.285,0.042,,
V9 solver+verifier train_roles,290,0.438,0.146,0.146,0.146,0.14,0.146,,
V9 solver+verifier train_roles,291,0.562,0.188,0.234,0.094,0.234,0.094,,
V9 solver+verifier train_roles,292,0.625,0.208,0.229,0.167,0.229,0.167,,
V9 solver+verifier train_roles,293,0.438,0.146,0.188,0.062,0.184,0.062,,
V9 solver+verifier train_roles,294,0.688,0.229,0.292,0.103,0.292,0.103,,
V9 solver+verifier train_roles,295,0.562,0.188,0.267,0.028,0.267,0.028,,
V9 solver+verifier train_roles,296,0.375,0.125,0.124,0.128,0.12,0.128,,
V9 solver+verifier train_roles,297,0.625,0.208,0.234,0.156,0.234,0.156,,
V9 solver+verifier train_roles,298,0.625,0.208,0.219,0.188,0.219,0.188,,
V9 solver+verifier train_roles,299,0.375,0.125,0.148,0.078,0.148,0.078,,
V9 solver+verifier train_roles,300,0.625,0.208,0.276,0.073,0.276,0.073,0.509,0.509
V9 solver+verifier train_roles,301,0.75,0.25,0.359,0.031,0.353,0.031,,
V9 solver+verifier train_roles,302,0.375,0.125,0.188,0.0,0.178,0.0,,
V9 solver+verifier train_roles,303,0.625,0.208,0.258,0.109,0.258,0.109,,
V9 solver+verifier train_roles,304,0.75,0.25,0.333,0.083,0.327,0.083,,
V9 solver+verifier train_roles,305,0.438,0.146,0.165,0.107,0.159,0.107,,
V9 solver+verifier train_roles,306,0.438,0.146,0.201,0.036,0.201,0.036,,
V9 solver+verifier train_roles,307,0.312,0.104,0.135,0.042,0.132,0.042,,
V9 solver+verifier train_roles,308,0.625,0.208,0.279,0.068,0.279,0.068,,
V9 solver+verifier train_roles,309,0.312,0.104,0.146,0.021,0.146,0.021,,
V9 solver+verifier train_roles,310,0.312,0.104,0.135,0.042,0.132,0.042,,
V9 solver+verifier train_roles,311,0.625,0.208,0.224,0.177,0.224,0.177,,
V9 solver+verifier train_roles,312,0.438,0.146,0.219,0.0,0.216,0.0,,
V9 solver+verifier train_roles,313,0.438,0.146,0.208,0.021,0.202,0.021,,
V9 solver+verifier train_roles,314,0.562,0.188,0.271,0.021,0.271,0.021,,
V9 solver+verifier train_roles,315,0.562,0.188,0.26,0.042,0.26,0.042,,
V9 solver+verifier train_roles,316,0.5,0.167,0.221,0.057,0.221,0.057,,
V9 solver+verifier train_roles,317,0.562,0.188,0.263,0.036,0.26,0.036,,
V9 solver+verifier train_roles,318,0.438,0.146,0.198,0.042,0.198,0.042,,
V9 solver+verifier train_roles,319,0.562,0.188,0.229,0.104,0.226,0.104,,
V9 solver+verifier train_roles,320,0.25,0.083,0.125,0.0,0.122,0.0,,
V9 solver+verifier train_roles,321,0.125,0.042,0.062,0.0,0.059,0.0,,
V9 solver+verifier train_roles,322,0.312,0.104,0.138,0.036,0.138,0.036,,
V9 solver+verifier train_roles,323,0.438,0.146,0.18,0.078,0.173,0.078,,
V9 solver+verifier train_roles,324,0.5,0.167,0.224,0.052,0.218,0.052,,
V9 solver+verifier train_roles,325,0.375,0.125,0.171,0.033,0.168,0.033,,
V9 solver+verifier train_roles,326,0.75,0.25,0.343,0.065,0.343,0.065,,
V9 solver+verifier train_roles,327,0.688,0.229,0.297,0.094,0.297,0.094,,
V9 solver+verifier train_roles,328,0.562,0.188,0.267,0.028,0.267,0.028,,
V9 solver+verifier train_roles,329,0.312,0.104,0.138,0.036,0.138,0.036,,
V9 solver+verifier train_roles,330,0.188,0.062,0.094,0.0,0.094,0.0,,
V9 solver+verifier train_roles,331,0.562,0.188,0.255,0.052,0.252,0.052,,
V9 solver+verifier train_roles,332,0.5,0.167,0.242,0.016,0.242,0.016,,
V9 solver+verifier train_roles,333,0.312,0.104,0.094,0.125,0.094,0.125,,
V9 solver+verifier train_roles,334,0.25,0.083,0.125,0.0,0.125,0.0,,
V9 solver+verifier train_roles,335,0.312,0.104,0.125,0.062,0.125,0.062,,
V9 solver+verifier train_roles,336,0.438,0.146,0.208,0.021,0.199,0.021,,
V9 solver+verifier train_roles,337,0.312,0.104,0.135,0.042,0.129,0.042,,
V9 solver+verifier train_roles,338,0.438,0.146,0.19,0.057,0.19,0.057,,
V9 solver+verifier train_roles,339,0.375,0.125,0.146,0.083,0.146,0.083,,
V9 solver+verifier train_roles,340,0.5,0.167,0.216,0.068,0.213,0.068,,
V9 solver+verifier train_roles,341,0.438,0.146,0.167,0.104,0.167,0.104,,
V9 solver+verifier train_roles,342,0.125,0.042,0.055,0.016,0.052,0.016,,
V9 solver+verifier train_roles,343,0.438,0.146,0.197,0.044,0.193,0.044,,
V9 solver+verifier train_roles,344,0.562,0.188,0.242,0.078,0.242,0.078,,
V9 solver+verifier train_roles,345,0.5,0.167,0.155,0.19,0.155,0.19,,
V9 solver+verifier train_roles,346,0.625,0.208,0.236,0.154,0.236,0.154,,
V9 solver+verifier train_roles,347,0.438,0.146,0.155,0.127,0.152,0.127,,
V9 solver+verifier train_roles,348,0.438,0.146,0.156,0.125,0.156,0.125,,
V9 solver+verifier train_roles,349,0.375,0.125,0.125,0.125,0.125,0.125,,
V9 solver+verifier train_roles,350,0.438,0.146,0.17,0.097,0.17,0.097,0.464,0.464
V9 solver+verifier train_roles,351,0.125,0.042,0.062,0.0,0.059,0.0,,
V9 solver+verifier train_roles,352,0.438,0.146,0.146,0.146,0.143,0.146,,
V9 solver+verifier train_roles,353,0.562,0.188,0.243,0.076,0.243,0.076,,
V9 solver+verifier train_roles,354,0.625,0.208,0.286,0.052,0.286,0.052,,
V9 solver+verifier train_roles,355,0.688,0.229,0.273,0.141,0.273,0.141,,
V9 solver+verifier train_roles,356,0.5,0.167,0.211,0.078,0.208,0.078,,
V9 solver+verifier train_roles,357,0.375,0.125,0.158,0.06,0.158,0.06,,
V9 solver+verifier train_roles,358,0.688,0.229,0.245,0.198,0.245,0.198,,
V9 solver+verifier train_roles,359,0.5,0.167,0.211,0.078,0.208,0.078,,
V9 solver+verifier train_roles,360,0.25,0.083,0.083,0.083,0.077,0.083,,
V9 solver+verifier train_roles,361,0.312,0.104,0.138,0.036,0.135,0.036,,
V9 solver+verifier train_roles,362,0.25,0.083,0.115,0.021,0.115,0.021,,
V9 solver+verifier train_roles,363,0.5,0.167,0.232,0.036,0.232,0.036,,
V9 solver+verifier train_roles,364,0.375,0.125,0.148,0.078,0.148,0.078,,
V9 solver+verifier train_roles,365,0.5,0.167,0.183,0.134,0.183,0.134,,
V9 solver+verifier train_roles,366,0.375,0.125,0.148,0.078,0.148,0.078,,
V9 solver+verifier train_roles,367,0.562,0.188,0.216,0.13,0.216,0.13,,
V9 solver+verifier train_roles,368,0.188,0.062,0.062,0.062,0.062,0.062,,
V9 solver+verifier train_roles,369,0.312,0.104,0.138,0.036,0.138,0.036,,
V9 solver+verifier train_roles,370,0.625,0.208,0.18,0.266,0.177,0.266,,
V9 solver+verifier train_roles,371,0.188,0.062,0.094,0.0,0.094,0.0,,
V9 solver+verifier train_roles,372,0.688,0.229,0.278,0.132,0.274,0.132,,
V9 solver+verifier train_roles,373,0.312,0.104,0.146,0.021,0.136,0.021,,
V9 solver+verifier train_roles,374,0.188,0.062,0.094,0.0,0.087,0.0,,
V9 solver+verifier train_roles,375,0.438,0.146,0.19,0.057,0.19,0.057,,
V9 solver+verifier train_roles,376,0.375,0.125,0.156,0.062,0.147,0.062,,
V9 solver+verifier train_roles,377,0.438,0.146,0.134,0.169,0.125,0.169,,
V9 solver+verifier train_roles,378,0.375,0.125,0.103,0.169,0.103,0.169,,
V9 solver+verifier train_roles,379,0.625,0.208,0.207,0.211,0.204,0.211,,
V9 solver+verifier train_roles,380,0.438,0.146,0.165,0.107,0.165,0.107,,
V9 solver+verifier train_roles,381,0.625,0.208,0.182,0.26,0.182,0.26,,
V9 solver+verifier train_roles,382,0.375,0.125,0.138,0.099,0.138,0.099,,
V9 solver+verifier train_roles,383,0.438,0.146,0.146,0.146,0.146,0.146,,
V9 solver+verifier train_roles,384,0.562,0.188,0.186,0.19,0.186,0.19,,
V9 solver+verifier train_roles,385,0.562,0.188,0.202,0.159,0.199,0.159,,
V9 solver+verifier train_roles,386,0.312,0.104,0.104,0.104,0.104,0.104,,
V9 solver+verifier train_roles,387,0.688,0.229,0.244,0.2,0.244,0.2,,
V9 solver+verifier train_roles,388,0.438,0.146,0.156,0.125,0.156,0.125,,
V9 solver+verifier train_roles,389,0.438,0.146,0.188,0.062,0.188,0.062,,
V9 solver+verifier train_roles,390,0.562,0.188,0.227,0.109,0.227,0.109,,
V9 solver+verifier train_roles,391,0.625,0.208,0.242,0.141,0.242,0.141,,
V9 solver+verifier train_roles,392,0.562,0.188,0.229,0.104,0.229,0.104,,
V9 solver+verifier train_roles,393,0.5,0.167,0.169,0.161,0.163,0.161,,
V9 solver+verifier train_roles,394,0.75,0.25,0.232,0.286,0.232,0.286,,
V9 solver+verifier train_roles,395,0.438,0.146,0.146,0.146,0.143,0.146,,
V9 solver+verifier train_roles,396,0.312,0.104,0.103,0.107,0.094,0.107,,
V9 solver+verifier train_roles,397,0.312,0.104,0.115,0.083,0.115,0.083,,
V9 solver+verifier train_roles,398,0.5,0.167,0.18,0.141,0.18,0.141,,
V9 solver+verifier train_roles,399,0.812,0.271,0.328,0.156,0.325,0.156,,
V9 solver+verifier train_roles,400,0.375,0.125,0.146,0.083,0.146,0.083,0.482,0.482
V9 solver+verifier train_roles,401,0.312,0.104,0.125,0.062,0.125,0.062,,
V9 solver+verifier train_roles,402,0.25,0.083,0.094,0.062,0.087,0.062,,
V9 solver+verifier train_roles,403,0.375,0.125,0.159,0.057,0.159,0.057,,
V9 solver+verifier train_roles,404,0.688,0.229,0.301,0.085,0.301,0.085,,
V9 solver+verifier train_roles,405,0.188,0.062,0.052,0.083,0.049,0.083,,
V9 solver+verifier train_roles,406,0.312,0.104,0.146,0.021,0.146,0.021,,
V9 solver+verifier train_roles,407,0.562,0.188,0.221,0.12,0.221,0.12,,
V9 solver+verifier train_roles,408,0.562,0.188,0.208,0.146,0.202,0.146,,
V9 solver+verifier train_roles,409,0.625,0.208,0.242,0.141,0.239,0.141,,
V9 solver+verifier train_roles,410,0.688,0.229,0.242,0.203,0.242,0.203,,
V9 solver+verifier train_roles,411,0.438,0.146,0.188,0.062,0.188,0.062,,
V9 solver+verifier train_roles,412,0.375,0.125,0.159,0.057,0.146,0.057,,
V9 solver+verifier train_roles,413,0.438,0.146,0.135,0.167,0.12,0.167,,
V9 solver+verifier train_roles,414,0.688,0.229,0.255,0.177,0.249,0.177,,
V9 solver+verifier train_roles,415,0.625,0.208,0.234,0.156,0.219,0.156,,
V9 solver+verifier train_roles,416,0.562,0.188,0.281,0.0,0.266,0.0,,
V9 solver+verifier train_roles,417,0.562,0.188,0.186,0.19,0.17,0.19,,
V9 solver+verifier train_roles,418,0.5,0.167,0.18,0.141,0.161,0.141,,
V9 solver+verifier train_roles,419,0.688,0.229,0.307,0.073,0.289,0.073,,
V9 solver+verifier train_roles,420,0.625,0.208,0.266,0.094,0.25,0.094,,
V9 solver+verifier train_roles,421,0.625,0.208,0.298,0.028,0.289,0.028,,
V9 solver+verifier train_roles,422,0.375,0.125,0.167,0.042,0.129,0.042,,
V9 solver+verifier train_roles,423,0.875,0.292,0.423,0.03,0.404,0.03,,
V9 solver+verifier train_roles,424,0.688,0.229,0.336,0.016,0.308,0.016,,
V9 solver+verifier train_roles,425,0.688,0.229,0.336,0.016,0.314,0.016,,
V9 solver+verifier train_roles,426,0.688,0.229,0.344,0.0,0.312,0.0,,
V9 solver+verifier train_roles,427,0.688,0.229,0.328,0.031,0.322,0.031,,
V9 solver+verifier train_roles,428,0.438,0.146,0.219,0.0,0.191,0.0,,
V9 solver+verifier train_roles,429,0.625,0.208,0.281,0.062,0.263,0.062,,
V9 solver+verifier train_roles,430,1.0,0.333,0.476,0.049,0.466,0.049,,
V9 solver+verifier train_roles,431,0.562,0.188,0.198,0.167,0.173,0.167,,
V9 solver+verifier train_roles,432,0.812,0.271,0.346,0.12,0.318,0.12,,
V9 solver+verifier train_roles,433,0.5,0.167,0.19,0.119,0.169,0.119,,
V9 solver+verifier train_roles,434,0.625,0.208,0.281,0.062,0.263,0.062,,
V9 solver+verifier train_roles,435,0.562,0.188,0.271,0.021,0.243,0.021,,
V9 solver+verifier train_roles,436,0.562,0.188,0.247,0.068,0.232,0.068,,
V9 solver+verifier train_roles,437,0.5,0.167,0.208,0.083,0.193,0.083,,
V9 solver+verifier train_roles,438,0.688,0.229,0.286,0.115,0.271,0.115,,
V9 solver+verifier train_roles,439,0.688,0.229,0.326,0.036,0.301,0.036,,
V9 solver+verifier train_roles,440,0.625,0.208,0.302,0.021,0.286,0.021,,
V9 solver+verifier train_roles,441,0.438,0.146,0.219,0.0,0.184,0.0,,
V9 solver+verifier train_roles,442,0.375,0.125,0.188,0.0,0.156,0.0,,
V9 solver+verifier train_roles,443,0.688,0.229,0.305,0.078,0.28,0.078,,
V9 solver+verifier train_roles,444,0.562,0.188,0.254,0.054,0.248,0.054,,
V9 solver+verifier train_roles,445,0.438,0.146,0.198,0.042,0.176,0.042,,
V9 solver+verifier train_roles,446,0.5,0.167,0.25,0.0,0.234,0.0,,
V9 solver+verifier train_roles,447,0.375,0.125,0.148,0.078,0.13,0.078,,
V9 solver+verifier train_roles,448,0.562,0.188,0.234,0.094,0.225,0.094,,
V9 solver+verifier train_roles,449,0.812,0.271,0.391,0.031,0.372,0.031,,
V9 solver+verifier train_roles,450,0.312,0.104,0.125,0.062,0.103,0.062,0.573,0.573
V9 solver+verifier train_roles,451,0.625,0.208,0.289,0.047,0.277,0.047,,
V9 solver+verifier train_roles,452,0.562,0.188,0.234,0.094,0.216,0.094,,
V9 solver+verifier train_roles,453,0.375,0.125,0.146,0.083,0.124,0.083,,
V9 solver+verifier train_roles,454,0.688,0.229,0.266,0.156,0.253,0.156,,
V9 solver+verifier train_roles,455,0.438,0.146,0.188,0.062,0.166,0.062,,
V9 solver+verifier train_roles,456,0.688,0.229,0.182,0.323,0.17,0.323,,
V9 solver+verifier train_roles,457,0.812,0.271,0.284,0.245,0.274,0.245,,
V9 solver+verifier train_roles,458,0.625,0.208,0.188,0.25,0.162,0.25,,
V9 solver+verifier train_roles,459,0.5,0.167,0.177,0.146,0.168,0.146,,
V9 solver+verifier train_roles,460,0.688,0.229,0.285,0.117,0.263,0.117,,
V9 solver+verifier train_roles,461,0.812,0.271,0.358,0.096,0.355,0.096,,
V9 solver+verifier train_roles,462,0.688,0.229,0.318,0.052,0.308,0.052,,
V9 solver+verifier train_roles,463,0.75,0.25,0.281,0.188,0.263,0.188,,
V9 solver+verifier train_roles,464,0.688,0.229,0.326,0.036,0.319,0.036,,
V9 solver+verifier train_roles,465,0.812,0.271,0.352,0.109,0.339,0.109,,
V9 solver+verifier train_roles,466,0.562,0.188,0.229,0.104,0.192,0.104,,
V9 solver+verifier train_roles,467,0.438,0.146,0.141,0.156,0.138,0.156,,
V9 solver+verifier train_roles,468,0.812,0.271,0.307,0.198,0.292,0.198,,
V9 solver+verifier train_roles,469,0.562,0.188,0.177,0.208,0.165,0.208,,
V9 solver+verifier train_roles,470,0.5,0.167,0.221,0.057,0.187,0.057,,
V9 solver+verifier train_roles,471,0.625,0.208,0.221,0.182,0.206,0.182,,
V9 solver+verifier train_roles,472,0.625,0.208,0.297,0.031,0.266,0.031,,
V9 solver+verifier train_roles,473,0.812,0.271,0.38,0.052,0.365,0.052,,
V9 solver+verifier train_roles,474,0.812,0.271,0.315,0.182,0.312,0.182,,
V9 solver+verifier train_roles,475,0.5,0.167,0.193,0.115,0.183,0.115,,
V9 solver+verifier train_roles,476,0.562,0.188,0.221,0.12,0.206,0.12,,
V9 solver+verifier train_roles,477,0.75,0.25,0.193,0.365,0.186,0.365,,
V9 solver+verifier train_roles,478,0.375,0.125,0.128,0.12,0.109,0.12,,
V9 solver+verifier train_roles,479,0.438,0.146,0.096,0.245,0.09,0.245,,
V9 solver+verifier train_roles,480,0.688,0.229,0.303,0.081,0.288,0.081,,
V9 solver+verifier train_roles,481,0.688,0.229,0.242,0.203,0.236,0.203,,
V9 solver+verifier train_roles,482,0.812,0.271,0.307,0.198,0.304,0.198,,
V9 solver+verifier train_roles,483,0.5,0.167,0.18,0.141,0.155,0.141,,
V9 solver+verifier train_roles,484,0.75,0.25,0.203,0.344,0.2,0.344,,
V9 solver+verifier train_roles,485,0.562,0.188,0.18,0.203,0.17,0.203,,
V9 solver+verifier train_roles,486,0.562,0.188,0.169,0.224,0.157,0.224,,
V9 solver+verifier train_roles,487,0.438,0.146,0.104,0.229,0.082,0.229,,
V9 solver+verifier train_roles,488,0.562,0.188,0.151,0.26,0.139,0.26,,
V9 solver+verifier train_roles,489,0.875,0.292,0.288,0.299,0.288,0.299,,
V9 solver+verifier train_roles,490,0.75,0.25,0.255,0.24,0.249,0.24,,
V9 solver+verifier train_roles,491,0.688,0.229,0.159,0.37,0.149,0.37,,
V9 solver+verifier train_roles,492,0.562,0.188,0.169,0.224,0.166,0.224,,
V9 solver+verifier train_roles,493,0.25,0.083,0.062,0.125,0.056,0.125,,
V9 solver+verifier train_roles,494,0.5,0.167,0.159,0.182,0.153,0.182,,
V9 solver+verifier train_roles,495,0.562,0.188,0.146,0.271,0.143,0.271,,
V9 solver+verifier train_roles,496,0.938,0.312,0.297,0.344,0.294,0.344,,
V9 solver+verifier train_roles,497,0.312,0.104,0.083,0.146,0.077,0.146,,
V9 solver+verifier train_roles,498,0.5,0.167,0.167,0.167,0.157,0.167,,
V9 solver+verifier train_roles,499,0.562,0.188,0.172,0.219,0.172,0.219,,
V9 solver+verifier train_roles,500,0.625,0.208,0.146,0.333,0.14,0.333,0.5,0.5
V9 solver+verifier train_roles,501,0.5,0.167,0.115,0.271,0.111,0.271,,
V9 solver+verifier train_roles,502,0.5,0.167,0.156,0.187,0.147,0.188,,
V9 solver+verifier train_roles,503,0.25,0.083,0.038,0.173,0.032,0.173,,
V9 solver+verifier train_roles,504,0.75,0.25,0.273,0.203,0.27,0.203,,
V9 solver+verifier train_roles,505,0.5,0.167,0.103,0.294,0.097,0.294,,
V9 solver+verifier train_roles,506,0.438,0.146,0.115,0.208,0.115,0.208,,
V9 solver+verifier train_roles,507,0.312,0.104,0.062,0.188,0.047,0.188,,
V9 solver+verifier train_roles,508,0.562,0.188,0.148,0.266,0.145,0.266,,
V9 solver+verifier train_roles,509,0.312,0.104,0.094,0.125,0.091,0.125,,
V9 solver+verifier train_roles,510,0.625,0.208,0.125,0.375,0.125,0.375,,
V9 solver+verifier train_roles,511,0.562,0.188,0.177,0.208,0.177,0.208,,
V9 solver+verifier train_roles,512,0.438,0.146,0.104,0.229,0.095,0.229,,
V9 solver+verifier train_roles,513,0.812,0.271,0.177,0.458,0.165,0.458,,
V9 solver+verifier train_roles,514,0.688,0.229,0.146,0.396,0.143,0.396,,
V9 solver+verifier train_roles,515,0.438,0.146,0.124,0.19,0.124,0.19,,
V9 solver+verifier train_roles,516,0.5,0.167,0.094,0.312,0.091,0.313,,
V9 solver+verifier train_roles,517,0.375,0.125,0.125,0.125,0.122,0.125,,
V9 solver+verifier train_roles,518,0.688,0.229,0.186,0.315,0.183,0.315,,
V9 solver+verifier train_roles,519,0.562,0.188,0.198,0.167,0.192,0.167,,
V9 solver+verifier train_roles,520,0.75,0.25,0.146,0.458,0.146,0.458,,
V9 solver+verifier train_roles,521,0.75,0.25,0.156,0.438,0.15,0.438,,
V9 solver+verifier train_roles,522,0.5,0.167,0.148,0.203,0.139,0.203,,
V9 solver+verifier train_roles,523,0.625,0.208,0.177,0.271,0.177,0.271,,
V9 solver+verifier train_roles,524,0.75,0.25,0.208,0.333,0.205,0.333,,
V9 solver+verifier train_roles,525,0.812,0.271,0.146,0.521,0.146,0.521,,
V9 solver+verifier train_roles,526,0.812,0.271,0.187,0.438,0.184,0.438,,
V9 solver+verifier train_roles,527,0.562,0.188,0.125,0.312,0.122,0.312,,
V9 solver+verifier train_roles,528,0.375,0.125,0.115,0.146,0.115,0.146,,
V9 solver+verifier train_roles,529,0.5,0.167,0.19,0.12,0.178,0.12,,
V9 solver+verifier train_roles,530,0.25,0.083,0.042,0.167,0.035,0.167,,
V9 solver+verifier train_roles,531,0.562,0.188,0.124,0.315,0.124,0.315,,
V9 solver+verifier train_roles,532,0.25,0.083,0.055,0.141,0.042,0.141,,
V9 solver+verifier train_roles,533,0.375,0.125,0.156,0.062,0.153,0.062,,
V9 solver+verifier train_roles,534,0.625,0.208,0.177,0.271,0.174,0.271,,
V9 solver+verifier train_roles,535,0.438,0.146,0.073,0.292,0.07,0.292,,
V9 solver+verifier train_roles,536,0.062,0.021,0.031,0.0,0.028,0.0,,
V9 solver+verifier train_roles,537,0.188,0.062,0.062,0.062,0.056,0.062,,
V9 solver+verifier train_roles,538,0.375,0.125,0.083,0.208,0.08,0.208,,
V9 solver+verifier train_roles,539,0.188,0.062,0.062,0.062,0.062,0.062,,
V9 solver+verifier train_roles,540,0.562,0.188,0.167,0.229,0.167,0.229,,
V9 solver+verifier train_roles,541,0.625,0.208,0.125,0.375,0.122,0.375,,
V9 solver+verifier train_roles,542,0.125,0.042,0.042,0.042,0.042,0.042,,
V9 solver+verifier train_roles,543,0.125,0.042,0.021,0.083,0.021,0.083,,
V9 solver+verifier train_roles,544,0.188,0.062,0.021,0.146,0.021,0.146,,
V9 solver+verifier train_roles,545,0.438,0.146,0.062,0.312,0.062,0.313,,
V9 solver+verifier train_roles,546,0.25,0.083,0.021,0.208,0.021,0.208,,
V9 solver+verifier train_roles,547,0.438,0.146,0.083,0.271,0.083,0.271,,
V9 solver+verifier train_roles,548,0.375,0.125,0.125,0.125,0.125,0.125,,
V9 solver+verifier train_roles,549,0.375,0.125,0.115,0.146,0.115,0.146,,
V9 solver+verifier train_roles,550,0.5,0.167,0.094,0.312,0.094,0.312,0.445,0.445
V9 solver+verifier train_roles,551,0.188,0.062,0.042,0.104,0.039,0.104,,
V9 solver+verifier train_roles,552,0.188,0.062,0.042,0.104,0.042,0.104,,
V9 solver+verifier train_roles,553,0.438,0.146,0.104,0.229,0.104,0.229,,
V9 solver+verifier train_roles,554,0.25,0.083,0.062,0.125,0.062,0.125,,
V9 solver+verifier train_roles,555,0.5,0.167,0.135,0.229,0.135,0.229,,
V9 solver+verifier train_roles,556,0.188,0.062,0.021,0.146,0.018,0.146,,
V9 solver+verifier train_roles,557,0.062,0.021,0.021,0.021,0.018,0.021,,
V9 solver+verifier train_roles,558,0.812,0.271,0.199,0.414,0.199,0.414,,
V9 solver+verifier train_roles,559,0.938,0.312,0.229,0.479,0.229,0.479,,
V9 solver+verifier train_roles,560,0.625,0.208,0.201,0.224,0.201,0.224,,
V9 solver+verifier train_roles,561,0.5,0.167,0.156,0.188,0.153,0.188,,
V9 solver+verifier train_roles,562,0.438,0.146,0.062,0.312,0.062,0.313,,
V9 solver+verifier train_roles,563,0.625,0.208,0.125,0.375,0.125,0.375,,
V9 solver+verifier train_roles,564,0.25,0.083,0.021,0.208,0.018,0.208,,
V9 solver+verifier train_roles,565,0.625,0.208,0.104,0.417,0.104,0.417,,
V9 solver+verifier train_roles,566,0.375,0.125,0.146,0.083,0.146,0.083,,
V9 solver+verifier train_roles,567,0.688,0.229,0.177,0.333,0.177,0.333,,
V9 solver+verifier train_roles,568,0.375,0.125,0.083,0.208,0.08,0.208,,
V9 solver+verifier train_roles,569,0.375,0.125,0.107,0.161,0.104,0.161,,
V9 solver+verifier train_roles,570,0.375,0.125,0.062,0.25,0.062,0.25,,
V9 solver+verifier train_roles,571,0.625,0.208,0.125,0.375,0.122,0.375,,
V9 solver+verifier train_roles,572,0.188,0.062,0.023,0.141,0.02,0.141,,
V9 solver+verifier train_roles,573,0.438,0.146,0.112,0.213,0.103,0.213,,
V9 solver+verifier train_roles,574,0.688,0.229,0.201,0.286,0.201,0.286,,
V9 solver+verifier train_roles,575,0.312,0.104,0.117,0.078,0.111,0.078,,
V9 solver+verifier train_roles,576,0.625,0.208,0.167,0.292,0.157,0.292,,
V9 solver+verifier train_roles,577,0.312,0.104,0.062,0.188,0.062,0.188,,
V9 solver+verifier train_roles,578,0.625,0.208,0.207,0.211,0.207,0.211,,
V9 solver+verifier train_roles,579,0.75,0.25,0.234,0.281,0.231,0.281,,
V9 solver+verifier train_roles,580,0.688,0.229,0.135,0.417,0.135,0.417,,
V9 solver+verifier train_roles,581,0.688,0.229,0.103,0.482,0.094,0.482,,
V9 solver+verifier train_roles,582,0.562,0.188,0.042,0.479,0.026,0.479,,
V9 solver+verifier train_roles,583,0.438,0.146,0.076,0.286,0.076,0.286,,
V9 solver+verifier train_roles,584,0.438,0.146,0.062,0.312,0.053,0.312,,
V9 solver+verifier train_roles,585,0.75,0.25,0.167,0.417,0.157,0.41,,
V9 solver+verifier train_roles,586,0.562,0.188,0.052,0.458,0.043,0.458,,
V9 solver+verifier train_roles,587,0.75,0.25,0.221,0.307,0.221,0.307,,
V9 solver+verifier train_roles,588,0.75,0.25,0.219,0.312,0.219,0.313,,
V9 solver+verifier train_roles,589,0.75,0.25,0.104,0.542,0.104,0.542,,
V9 solver+verifier train_roles,590,0.625,0.208,0.214,0.198,0.204,0.198,,
V9 solver+verifier train_roles,591,0.5,0.167,0.117,0.266,0.108,0.266,,
V9 solver+verifier train_roles,592,0.5,0.167,0.096,0.307,0.096,0.307,,
V9 solver+verifier train_roles,593,0.312,0.104,0.052,0.208,0.043,0.208,,
V9 solver+verifier train_roles,594,0.812,0.271,0.198,0.417,0.195,0.417,,
V9 solver+verifier train_roles,595,0.625,0.208,0.156,0.312,0.15,0.312,,
V9 solver+verifier train_roles,596,0.562,0.188,0.135,0.292,0.132,0.292,,
V9 solver+verifier train_roles,597,0.688,0.229,0.104,0.479,0.098,0.479,,
V9 solver+verifier train_roles,598,0.688,0.229,0.062,0.562,0.059,0.562,,
V9 solver+verifier train_roles,599,0.312,0.104,0.062,0.188,0.062,0.188,,
V9 solver+verifier train_roles,600,0.562,0.188,0.188,0.188,0.181,0.188,0.491,0.491
V9 solver+verifier train_roles,601,0.438,0.146,0.115,0.208,0.111,0.208,,
V9 solver+verifier train_roles,602,0.375,0.125,0.073,0.229,0.064,0.229,,
V9 solver+verifier train_roles,603,0.688,0.229,0.188,0.312,0.184,0.312,,
V9 solver+verifier train_roles,604,0.375,0.125,0.096,0.182,0.093,0.182,,
V9 solver+verifier train_roles,605,0.938,0.312,0.219,0.5,0.219,0.5,,
V9 solver+verifier train_roles,606,0.625,0.208,0.135,0.354,0.135,0.354,,
V9 solver+verifier train_roles,607,0.312,0.104,0.062,0.188,0.062,0.188,,
V9 solver+verifier train_roles,608,0.562,0.188,0.125,0.312,0.125,0.312,,
V9 solver+verifier train_roles,609,0.5,0.167,0.138,0.224,0.138,0.224,,
V9 solver+verifier train_roles,610,0.375,0.125,0.094,0.188,0.084,0.188,,
V9 solver+verifier train_roles,611,0.562,0.188,0.115,0.333,0.111,0.333,,
V9 solver+verifier train_roles,612,0.688,0.229,0.167,0.354,0.167,0.354,,
V9 solver+verifier train_roles,613,0.25,0.083,0.062,0.125,0.062,0.125,,
V9 solver+verifier train_roles,614,0.375,0.125,0.044,0.286,0.041,0.286,,
V9 solver+verifier train_roles,615,0.688,0.229,0.156,0.375,0.156,0.375,,
V9 solver+verifier train_roles,616,0.625,0.208,0.177,0.271,0.177,0.271,,
V9 solver+verifier train_roles,617,0.625,0.208,0.082,0.461,0.076,0.461,,
V9 solver+verifier train_roles,618,0.562,0.188,0.128,0.307,0.121,0.307,,
V9 solver+verifier train_roles,619,0.438,0.146,0.135,0.167,0.135,0.167,,
V9 solver+verifier train_roles,620,0.375,0.125,0.062,0.25,0.062,0.25,,
V9 solver+verifier train_roles,621,0.375,0.125,0.083,0.208,0.083,0.208,,
V9 solver+verifier train_roles,622,0.25,0.083,0.062,0.125,0.062,0.125,,
V9 solver+verifier train_roles,623,0.812,0.271,0.201,0.411,0.201,0.411,,
V9 solver+verifier train_roles,624,0.375,0.125,0.125,0.125,0.125,0.125,,
V9 solver+verifier train_roles,625,0.625,0.208,0.062,0.5,0.062,0.5,,
V9 solver+verifier train_roles,626,0.375,0.125,0.042,0.292,0.042,0.292,,
V9 solver+verifier train_roles,627,0.562,0.188,0.125,0.312,0.125,0.313,,
V9 solver+verifier train_roles,628,0.25,0.083,0.073,0.104,0.073,0.104,,
V9 solver+verifier train_roles,629,0.438,0.146,0.115,0.208,0.115,0.208,,
V9 solver+verifier train_roles,630,0.188,0.062,0.062,0.062,0.062,0.062,,
V9 solver+verifier train_roles,631,0.5,0.167,0.104,0.292,0.104,0.292,,
V9 solver+verifier train_roles,632,0.125,0.042,0.042,0.042,0.042,0.042,,
V9 solver+verifier train_roles,633,0.25,0.083,0.042,0.167,0.042,0.167,,
V9 solver+verifier train_roles,634,0.312,0.104,0.062,0.188,0.059,0.188,,
V9 solver+verifier train_roles,635,0.125,0.042,0.021,0.083,0.021,0.083,,
V9 solver+verifier train_roles,636,0.438,0.146,0.104,0.229,0.101,0.229,,
V9 solver+verifier train_roles,637,0.5,0.167,0.083,0.333,0.083,0.333,,
V9 solver+verifier train_roles,638,0.375,0.125,0.062,0.25,0.059,0.25,,
V9 solver+verifier train_roles,639,0.438,0.146,0.104,0.229,0.104,0.229,,
V9 solver+verifier train_roles,640,0.688,0.229,0.115,0.458,0.111,0.458,,
V9 solver+verifier train_roles,641,0.562,0.188,0.115,0.333,0.115,0.333,,
V9 solver+verifier train_roles,642,0.562,0.188,0.115,0.333,0.111,0.333,,
V9 solver+verifier train_roles,643,0.438,0.146,0.104,0.229,0.104,0.229,,
V9 solver+verifier train_roles,644,0.688,0.229,0.115,0.458,0.111,0.458,,
V9 solver+verifier train_roles,645,0.25,0.083,0.042,0.167,0.035,0.167,,
V9 solver+verifier train_roles,646,0.312,0.104,0.076,0.161,0.072,0.161,,
V9 solver+verifier train_roles,647,0.188,0.062,0.018,0.151,0.018,0.151,,
V9 solver+verifier train_roles,648,0.188,0.062,0.042,0.104,0.042,0.104,,
V9 solver+verifier train_roles,649,0.062,0.021,0.021,0.021,0.021,0.021,,
V9 solver+verifier train_roles,650,0.312,0.104,0.083,0.146,0.083,0.146,0.382,0.382
V9 solver+verifier train_roles,651,0.438,0.146,0.104,0.229,0.104,0.229,,
V9 solver+verifier train_roles,652,0.625,0.208,0.117,0.391,0.117,0.391,,
V9 solver+verifier train_roles,653,0.25,0.083,0.021,0.208,0.021,0.208,,
V9 solver+verifier train_roles,654,0.188,0.062,0.042,0.104,0.042,0.104,,
V9 solver+verifier train_roles,655,0.562,0.188,0.083,0.396,0.083,0.396,,
V9 solver+verifier train_roles,656,0.188,0.062,0.021,0.146,0.018,0.146,,
V9 solver+verifier train_roles,657,0.375,0.125,0.042,0.292,0.042,0.292,,
V9 solver+verifier train_roles,658,0.375,0.125,0.021,0.333,0.021,0.333,,
V9 solver+verifier train_roles,659,0.312,0.104,0.083,0.146,0.083,0.146,,
V9 solver+verifier train_roles,660,0.188,0.062,0.052,0.083,0.052,0.083,,
V9 solver+verifier train_roles,661,0.0,0.0,0.0,0.0,0.0,0.0,,
V9 solver+verifier train_roles,662,0.375,0.125,0.102,0.172,0.102,0.172,,
V9 solver+verifier train_roles,663,0.188,0.062,0.042,0.104,0.039,0.104,,
V9 solver+verifier train_roles,664,0.5,0.167,0.128,0.245,0.128,0.245,,
V9 solver+verifier train_roles,665,0.312,0.104,0.042,0.229,0.039,0.229,,
V9 solver+verifier train_roles,666,0.438,0.146,0.073,0.292,0.07,0.292,,
V9 solver+verifier train_roles,667,0.25,0.083,0.042,0.167,0.042,0.167,,
V9 solver+verifier train_roles,668,0.312,0.104,0.042,0.229,0.042,0.229,,
V9 solver+verifier train_roles,669,0.25,0.083,0.073,0.104,0.073,0.104,,
V9 solver+verifier train_roles,670,0.375,0.125,0.083,0.208,0.083,0.208,,
V9 solver+verifier train_roles,671,0.125,0.042,0.019,0.088,0.019,0.088,,
V9 solver+verifier train_roles,672,0.188,0.062,0.061,0.065,0.061,0.065,,
V9 solver+verifier train_roles,673,0.188,0.062,0.031,0.125,0.031,0.125,,
V9 solver+verifier train_roles,674,0.312,0.104,0.06,0.193,0.06,0.193,,
V9 solver+verifier train_roles,675,0.062,0.021,0.021,0.021,0.021,0.021,,
V9 solver+verifier train_roles,676,0.25,0.083,0.021,0.208,0.021,0.208,,
V9 solver+verifier train_roles,677,0.375,0.125,0.115,0.146,0.115,0.146,,
V9 solver+verifier train_roles,678,0.25,0.083,0.042,0.167,0.042,0.167,,
V9 solver+verifier train_roles,679,0.375,0.125,0.062,0.25,0.062,0.25,,
V9 solver+verifier train_roles,680,0.0,0.0,0.0,0.0,0.0,0.0,,
V9 solver+verifier train_roles,681,0.438,0.146,0.062,0.312,0.062,0.312,,
V9 solver+verifier train_roles,682,0.125,0.042,0.042,0.042,0.042,0.042,,
V9 solver+verifier train_roles,683,0.25,0.083,0.062,0.125,0.062,0.125,,
V9 solver+verifier train_roles,684,0.0,0.0,0.0,0.0,0.0,0.0,,
V9 solver+verifier train_roles,685,0.188,0.062,0.021,0.146,0.021,0.146,,
V9 solver+verifier train_roles,686,0.25,0.083,0.042,0.167,0.042,0.167,,
V9 solver+verifier train_roles,687,0.062,0.021,0.0,0.062,0.0,0.062,,
V9 solver+verifier train_roles,688,0.438,0.146,0.083,0.271,0.083,0.271,,
V9 solver+verifier train_roles,689,0.125,0.042,0.021,0.083,0.021,0.083,,
V9 solver+verifier train_roles,690,0.0,0.0,0.0,0.0,0.0,0.0,,
V9 solver+verifier train_roles,691,0.312,0.104,0.042,0.229,0.042,0.229,,
V9 solver+verifier train_roles,692,0.0,0.0,0.0,0.0,0.0,0.0,,
V9 solver+verifier train_roles,693,0.25,0.083,0.083,0.083,0.083,0.083,,
V9 solver+verifier train_roles,694,0.125,0.042,0.021,0.083,0.018,0.083,,
V9 solver+verifier train_roles,695,0.062,0.021,0.0,0.062,0.0,0.062,,
V9 solver+verifier train_roles,696,0.062,0.021,0.021,0.021,0.021,0.021,,
V9 solver+verifier train_roles,697,0.25,0.083,0.0,0.25,0.0,0.25,,
V9 solver+verifier train_roles,698,0.25,0.083,0.042,0.167,0.042,0.167,,
V9 solver+verifier train_roles,699,0.25,0.083,0.021,0.208,0.021,0.208,,
V9 solver+verifier train_roles,700,0.188,0.062,0.062,0.062,0.062,0.062,0.3,0.3
V9 solver+verifier train_roles,701,0.0,0.0,0.0,0.0,0.0,0.0,,
V9 solver+verifier train_roles,702,0.188,0.062,0.021,0.146,0.021,0.146,,
V9 solver+verifier train_roles,703,0.125,0.042,0.0,0.125,0.0,0.125,,
V9 solver+verifier train_roles,704,0.5,0.167,0.0,0.5,0.0,0.5,,
V9 solver+verifier train_roles,705,0.188,0.062,0.042,0.104,0.042,0.104,,
V9 solver+verifier train_roles,706,0.0,0.0,0.0,0.0,0.0,0.0,,
V9 solver+verifier train_roles,707,0.062,0.021,0.0,0.062,0.0,0.062,,
V9 solver+verifier train_roles,708,0.312,0.104,0.06,0.192,0.06,0.192,,
V9 solver+verifier train_roles,709,0.25,0.083,0.021,0.208,0.021,0.208,,
V9 solver+verifier train_roles,710,0.0,0.0,0.0,0.0,0.0,0.0,,
V9 solver+verifier train_roles,711,0.25,0.083,0.0,0.25,0.0,0.25,,
V9 solver+verifier train_roles,712,0.125,0.042,0.021,0.083,0.021,0.083,,
V9 solver+verifier train_roles,713,0.188,0.062,0.021,0.146,0.021,0.146,,
V9 solver+verifier train_roles,714,0.062,0.021,0.0,0.062,0.0,0.062,,
V9 solver+verifier train_roles,715,0.125,0.042,0.021,0.083,0.021,0.083,,
V9 solver+verifier train_roles,716,0.0,0.0,0.0,0.0,0.0,0.0,,
V9 solver+verifier train_roles,717,0.062,0.021,0.021,0.021,0.021,0.021,,
V9 solver+verifier train_roles,718,0.562,0.188,0.042,0.479,0.042,0.479,,
V9 solver+verifier train_roles,719,0.0,0.0,0.0,0.0,0.0,0.0,,
V9 solver+verifier train_roles,720,0.25,0.083,0.0,0.25,0.0,0.25,,
V9 solver+verifier train_roles,721,0.25,0.083,0.021,0.208,0.021,0.208,,
V9 solver+verifier train_roles,722,0.25,0.083,0.021,0.208,0.021,0.208,,
V9 solver+verifier train_roles,723,0.188,0.062,0.0,0.188,0.0,0.188,,
V9 solver+verifier train_roles,724,0.438,0.146,0.031,0.375,0.031,0.375,,
V9 solver+verifier train_roles,725,0.062,0.021,0.0,0.062,0.0,0.062,,
V9 solver+verifier train_roles,726,0.312,0.104,0.0,0.312,0.0,0.312,,
V9 solver+verifier train_roles,727,0.438,0.146,0.021,0.396,0.021,0.396,,
V9 solver+verifier train_roles,728,0.25,0.083,0.031,0.188,0.028,0.188,,
V9 solver+verifier train_roles,729,0.312,0.104,0.021,0.271,0.021,0.271,,
V9 solver+verifier train_roles,730,0.312,0.104,0.0,0.312,0.0,0.312,,
V9 solver+verifier train_roles,731,0.375,0.125,0.0,0.375,0.0,0.375,,
V9 solver+verifier train_roles,732,0.188,0.062,0.021,0.146,0.021,0.146,,
V9 solver+verifier train_roles,733,0.188,0.062,0.0,0.188,0.0,0.188,,
V9 solver+verifier train_roles,734,0.125,0.042,0.042,0.042,0.042,0.042,,
V9 solver+verifier train_roles,735,0.188,0.062,0.0,0.188,0.0,0.188,,
V9 solver+verifier train_roles,736,0.25,0.083,0.021,0.208,0.021,0.208,,
V9 solver+verifier train_roles,737,0.312,0.104,0.021,0.271,0.021,0.271,,
V9 solver+verifier train_roles,738,0.062,0.021,0.0,0.062,0.0,0.062,,
V9 solver+verifier train_roles,739,0.375,0.125,0.0,0.375,0.0,0.375,,
V9 solver+verifier train_roles,740,0.188,0.062,0.0,0.188,0.0,0.188,,
V9 solver+verifier train_roles,741,0.375,0.125,0.062,0.25,0.062,0.25,,
V9 solver+verifier train_roles,742,0.375,0.125,0.021,0.333,0.021,0.333,,
V9 solver+verifier train_roles,743,0.188,0.062,0.0,0.188,0.0,0.188,,
V9 solver+verifier train_roles,744,0.125,0.042,0.0,0.125,0.0,0.125,,
V9 solver+verifier train_roles,745,0.25,0.083,0.042,0.167,0.039,0.167,,
V9 solver+verifier train_roles,746,0.312,0.104,0.021,0.271,0.021,0.271,,
V9 solver+verifier train_roles,747,0.312,0.104,0.021,0.271,0.021,0.271,,
V9 solver+verifier train_roles,748,0.25,0.083,0.042,0.167,0.042,0.167,,
V9 solver+verifier train_roles,749,0.375,0.125,0.021,0.333,0.021,0.333,,
V9 solver+verifier train_roles,750,0.312,0.104,0.0,0.312,-0.003,0.312,0.527,0.527
V9 solver+verifier train_roles,751,0.562,0.188,0.083,0.396,0.083,0.396,,
V9 solver+verifier train_roles,752,0.875,0.292,0.062,0.75,0.059,0.75,,
V9 solver+verifier train_roles,753,0.562,0.188,0.083,0.396,0.083,0.396,,
V9 solver+verifier train_roles,754,0.438,0.146,0.062,0.312,0.062,0.312,,
V9 solver+verifier train_roles,755,0.5,0.167,0.115,0.271,0.111,0.271,,
V9 solver+verifier train_roles,756,0.375,0.125,0.021,0.333,0.011,0.333,,
V9 solver+verifier train_roles,757,0.375,0.125,0.062,0.25,0.059,0.25,,
V9 solver+verifier train_roles,758,0.438,0.146,0.021,0.396,0.018,0.396,,
V9 solver+verifier train_roles,759,0.312,0.104,0.062,0.188,0.053,0.188,,
V9 solver+verifier train_roles,760,0.812,0.271,0.104,0.604,0.101,0.604,,
V9 solver+verifier train_roles,761,0.438,0.146,0.062,0.312,0.056,0.312,,
V9 solver+verifier train_roles,762,0.5,0.167,0.117,0.266,0.105,0.266,,
V9 solver+verifier train_roles,763,0.375,0.125,0.083,0.208,0.071,0.208,,
V9 solver+verifier train_roles,764,0.562,0.188,0.086,0.391,0.083,0.391,,
V9 solver+verifier train_roles,765,0.5,0.167,0.073,0.354,0.057,0.354,,
V9 solver+verifier train_roles,766,0.5,0.167,0.104,0.292,0.101,0.292,,
V9 solver+verifier train_roles,767,0.375,0.125,0.065,0.245,0.059,0.245,,
V9 solver+verifier train_roles,768,0.562,0.188,0.021,0.521,0.021,0.521,,
V9 solver+verifier train_roles,769,0.438,0.146,0.042,0.354,0.039,0.354,,
V9 solver+verifier train_roles,770,0.188,0.062,0.021,0.146,0.021,0.146,,
V9 solver+verifier train_roles,771,0.438,0.146,0.031,0.375,0.031,0.375,,
V9 solver+verifier train_roles,772,0.562,0.188,0.073,0.417,0.073,0.417,,
V9 solver+verifier train_roles,773,0.562,0.188,0.062,0.438,0.062,0.438,,
V9 solver+verifier train_roles,774,0.312,0.104,0.031,0.25,0.031,0.25,,
V9 solver+verifier train_roles,775,0.438,0.146,0.073,0.292,0.073,0.292,,
V9 solver+verifier train_roles,776,0.375,0.125,0.083,0.208,0.083,0.208,,
V9 solver+verifier train_roles,777,0.562,0.188,0.152,0.259,0.152,0.259,,
V9 solver+verifier train_roles,778,0.5,0.167,0.082,0.336,0.082,0.336,,
V9 solver+verifier train_roles,779,0.375,0.125,0.076,0.223,0.076,0.223,,
V9 solver+verifier train_roles,780,0.5,0.167,0.042,0.417,0.042,0.417,,
V9 solver+verifier train_roles,781,0.375,0.125,0.062,0.25,0.062,0.25,,
V9 solver+verifier train_roles,782,0.062,0.021,0.031,0.0,0.031,0.0,,
V9 solver+verifier train_roles,783,0.188,0.062,0.0,0.188,0.0,0.188,,
V9 solver+verifier train_roles,784,0.188,0.062,0.052,0.083,0.052,0.083,,
V9 solver+verifier train_roles,785,0.188,0.062,0.042,0.104,0.042,0.104,,
V9 solver+verifier train_roles,786,0.438,0.146,0.145,0.148,0.145,0.148,,
V9 solver+verifier train_roles,787,0.188,0.062,0.038,0.111,0.038,0.111,,
V9 solver+verifier train_roles,788,0.25,0.083,0.021,0.208,0.021,0.208,,
V9 solver+verifier train_roles,789,0.312,0.104,0.052,0.208,0.052,0.208,,
V9 solver+verifier train_roles,790,0.25,0.083,0.0,0.25,0.0,0.25,,
V9 solver+verifier train_roles,791,0.312,0.104,0.113,0.086,0.113,0.086,,
V9 solver+verifier train_roles,792,0.438,0.146,0.115,0.208,0.115,0.208,,
V9 solver+verifier train_roles,793,0.188,0.062,0.0,0.188,0.0,0.188,,
V9 solver+verifier train_roles,794,0.25,0.083,0.083,0.083,0.08,0.083,,
V9 solver+verifier train_roles,795,0.25,0.083,0.031,0.188,0.031,0.188,,
V9 solver+verifier train_roles,796,0.25,0.083,0.021,0.208,0.021,0.208,,
V9 solver+verifier train_roles,797,0.062,0.021,0.021,0.021,0.021,0.021,,
V9 solver+verifier train_roles,798,0.312,0.104,0.061,0.19,0.061,0.19,,
V9 solver+verifier train_roles,799,0.188,0.062,0.061,0.065,0.061,0.065,,
V9 solver+verifier train_roles,800,0.562,0.188,0.094,0.375,0.094,0.375,0.445,0.445
